flight_id,crew_id,assignment_role
F000001,C072,Captain
F000001,C075,First Officer
F000001,C048,Cabin Crew
F000001,C059,Cabin Crew
F000001,C035,Cabin Crew
F000002,C018,Captain
F000002,C033,First Officer
F000002,C064,Cabin Crew
F000002,C005,Cabin Crew
F000002,C056,Cabin Crew
F000003,C020,Captain
F000003,C074,First Officer
F000003,C048,Cabin Crew
F000003,C032,Cabin Crew
F000003,C063,Cabin Crew
F000004,C051,Captain
F000004,C058,First Officer
F000004,C041,Cabin Crew
F000004,C066,Cabin Crew
F000004,C062,Cabin Crew
F000005,C040,Captain
F000005,C015,First Officer
F000005,C079,Cabin Crew
F000005,C057,Cabin Crew
F000005,C036,Cabin Crew
F000006,C040,Captain
F000006,C042,First Officer
F000006,C068,Cabin Crew
F000006,C010,Cabin Crew
F000006,C003,Cabin Crew
F000007,C038,Captain
F000007,C060,First Officer
F000007,C036,Cabin Crew
F000007,C077,Cabin Crew
F000007,C041,Cabin Crew
F000008,C012,Captain
F000008,C058,First Officer
F000008,C034,Cabin Crew
F000008,C077,Cabin Crew
F000008,C063,Cabin Crew
F000009,C002,Captain
F000009,C067,First Officer
F000009,C063,Cabin Crew
F000009,C043,Cabin Crew
F000009,C064,Cabin Crew
F000010,C055,Captain
F000010,C067,First Officer
F000010,C057,Cabin Crew
F000010,C005,Cabin Crew
F000010,C050,Cabin Crew
F000011,C061,Captain
F000011,C067,First Officer
F000011,C048,Cabin Crew
F000011,C053,Cabin Crew
F000011,C019,Cabin Crew
F000012,C040,Captain
F000012,C070,First Officer
F000012,C021,Cabin Crew
F000012,C037,Cabin Crew
F000012,C006,Cabin Crew
F000013,C038,Captain
F000013,C024,First Officer
F000013,C079,Cabin Crew
F000013,C050,Cabin Crew
F000013,C066,Cabin Crew
F000014,C030,Captain
F000014,C013,First Officer
F000014,C077,Cabin Crew
F000014,C050,Cabin Crew
F000014,C079,Cabin Crew
F000015,C004,Captain
F000015,C060,First Officer
F000015,C019,Cabin Crew
F000015,C032,Cabin Crew
F000015,C079,Cabin Crew
F000016,C072,Captain
F000016,C033,First Officer
F000016,C048,Cabin Crew
F000016,C037,Cabin Crew
F000016,C045,Cabin Crew
F000017,C061,Captain
F000017,C015,First Officer
F000017,C062,Cabin Crew
F000017,C021,Cabin Crew
F000017,C078,Cabin Crew
F000018,C011,Captain
F000018,C042,First Officer
F000018,C077,Cabin Crew
F000018,C056,Cabin Crew
F000018,C045,Cabin Crew
F000019,C020,Captain
F000019,C070,First Officer
F000019,C031,Cabin Crew
F000019,C063,Cabin Crew
F000019,C078,Cabin Crew
F000020,C030,Captain
F000020,C025,First Officer
F000020,C041,Cabin Crew
F000020,C068,Cabin Crew
F000020,C005,Cabin Crew
F000021,C061,Captain
F000021,C033,First Officer
F000021,C050,Cabin Crew
F000021,C065,Cabin Crew
F000021,C001,Cabin Crew
F000022,C051,Captain
F000022,C022,First Officer
F000022,C056,Cabin Crew
F000022,C032,Cabin Crew
F000022,C001,Cabin Crew
F000023,C038,Captain
F000023,C025,First Officer
F000023,C069,Cabin Crew
F000023,C006,Cabin Crew
F000023,C066,Cabin Crew
F000024,C016,Captain
F000024,C044,First Officer
F000024,C071,Cabin Crew
F000024,C063,Cabin Crew
F000024,C045,Cabin Crew
F000025,C007,Captain
F000025,C058,First Officer
F000025,C019,Cabin Crew
F000025,C009,Cabin Crew
F000025,C073,Cabin Crew
F000026,C061,Captain
F000026,C044,First Officer
F000026,C028,Cabin Crew
F000026,C068,Cabin Crew
F000026,C009,Cabin Crew
F000027,C051,Captain
F000027,C013,First Officer
F000027,C010,Cabin Crew
F000027,C031,Cabin Crew
F000027,C071,Cabin Crew
F000028,C008,Captain
F000028,C024,First Officer
F000028,C010,Cabin Crew
F000028,C080,Cabin Crew
F000028,C047,Cabin Crew
F000029,C046,Captain
F000029,C044,First Officer
F000029,C069,Cabin Crew
F000029,C028,Cabin Crew
F000029,C043,Cabin Crew
F000030,C046,Captain
F000030,C024,First Officer
F000030,C001,Cabin Crew
F000030,C043,Cabin Crew
F000030,C034,Cabin Crew
F000031,C049,Captain
F000031,C033,First Officer
F000031,C027,Cabin Crew
F000031,C021,Cabin Crew
F000031,C068,Cabin Crew
F000032,C011,Captain
F000032,C060,First Officer
F000032,C057,Cabin Crew
F000032,C043,Cabin Crew
F000032,C050,Cabin Crew
F000033,C004,Captain
F000033,C015,First Officer
F000033,C068,Cabin Crew
F000033,C027,Cabin Crew
F000033,C078,Cabin Crew
F000034,C014,Captain
F000034,C024,First Officer
F000034,C035,Cabin Crew
F000034,C057,Cabin Crew
F000034,C071,Cabin Crew
F000035,C020,Captain
F000035,C060,First Officer
F000035,C017,Cabin Crew
F000035,C063,Cabin Crew
F000035,C057,Cabin Crew
F000036,C011,Captain
F000036,C025,First Officer
F000036,C057,Cabin Crew
F000036,C021,Cabin Crew
F000036,C078,Cabin Crew
F000037,C046,Captain
F000037,C015,First Officer
F000037,C034,Cabin Crew
F000037,C065,Cabin Crew
F000037,C059,Cabin Crew
F000038,C018,Captain
F000038,C060,First Officer
F000038,C019,Cabin Crew
F000038,C062,Cabin Crew
F000038,C028,Cabin Crew
F000039,C040,Captain
F000039,C022,First Officer
F000039,C006,Cabin Crew
F000039,C027,Cabin Crew
F000039,C021,Cabin Crew
F000040,C046,Captain
F000040,C039,First Officer
F000040,C017,Cabin Crew
F000040,C069,Cabin Crew
F000040,C045,Cabin Crew
F000041,C007,Captain
F000041,C044,First Officer
F000041,C035,Cabin Crew
F000041,C048,Cabin Crew
F000041,C079,Cabin Crew
F000042,C040,Captain
F000042,C052,First Officer
F000042,C050,Cabin Crew
F000042,C041,Cabin Crew
F000042,C056,Cabin Crew
F000043,C018,Captain
F000043,C039,First Officer
F000043,C069,Cabin Crew
F000043,C064,Cabin Crew
F000043,C003,Cabin Crew
F000044,C020,Captain
F000044,C042,First Officer
F000044,C021,Cabin Crew
F000044,C028,Cabin Crew
F000044,C062,Cabin Crew
F000045,C072,Captain
F000045,C044,First Officer
F000045,C048,Cabin Crew
F000045,C031,Cabin Crew
F000045,C006,Cabin Crew
F000046,C038,Captain
F000046,C013,First Officer
F000046,C006,Cabin Crew
F000046,C064,Cabin Crew
F000046,C056,Cabin Crew
F000047,C049,Captain
F000047,C058,First Officer
F000047,C036,Cabin Crew
F000047,C032,Cabin Crew
F000047,C009,Cabin Crew
F000048,C026,Captain
F000048,C025,First Officer
F000048,C073,Cabin Crew
F000048,C001,Cabin Crew
F000048,C077,Cabin Crew
F000049,C061,Captain
F000049,C042,First Officer
F000049,C078,Cabin Crew
F000049,C053,Cabin Crew
F000049,C028,Cabin Crew
F000050,C049,Captain
F000050,C044,First Officer
F000050,C080,Cabin Crew
F000050,C071,Cabin Crew
F000050,C065,Cabin Crew
F000051,C055,Captain
F000051,C025,First Officer
F000051,C057,Cabin Crew
F000051,C027,Cabin Crew
F000051,C079,Cabin Crew
F000052,C007,Captain
F000052,C029,First Officer
F000052,C035,Cabin Crew
F000052,C073,Cabin Crew
F000052,C079,Cabin Crew
F000053,C011,Captain
F000053,C015,First Officer
F000053,C003,Cabin Crew
F000053,C045,Cabin Crew
F000053,C036,Cabin Crew
F000054,C008,Captain
F000054,C015,First Officer
F000054,C079,Cabin Crew
F000054,C037,Cabin Crew
F000054,C059,Cabin Crew
F000055,C072,Captain
F000055,C039,First Officer
F000055,C001,Cabin Crew
F000055,C053,Cabin Crew
F000055,C005,Cabin Crew
F000056,C016,Captain
F000056,C042,First Officer
F000056,C068,Cabin Crew
F000056,C028,Cabin Crew
F000056,C066,Cabin Crew
F000057,C004,Captain
F000057,C075,First Officer
F000057,C032,Cabin Crew
F000057,C001,Cabin Crew
F000057,C037,Cabin Crew
F000058,C055,Captain
F000058,C070,First Officer
F000058,C035,Cabin Crew
F000058,C037,Cabin Crew
F000058,C048,Cabin Crew
F000059,C061,Captain
F000059,C025,First Officer
F000059,C006,Cabin Crew
F000059,C066,Cabin Crew
F000059,C019,Cabin Crew
F000060,C030,Captain
F000060,C022,First Officer
F000060,C065,Cabin Crew
F000060,C064,Cabin Crew
F000060,C053,Cabin Crew
F000061,C020,Captain
F000061,C076,First Officer
F000061,C066,Cabin Crew
F000061,C041,Cabin Crew
F000061,C035,Cabin Crew
F000062,C020,Captain
F000062,C058,First Officer
F000062,C056,Cabin Crew
F000062,C028,Cabin Crew
F000062,C077,Cabin Crew
F000063,C014,Captain
F000063,C039,First Officer
F000063,C077,Cabin Crew
F000063,C019,Cabin Crew
F000063,C069,Cabin Crew
F000064,C020,Captain
F000064,C075,First Officer
F000064,C066,Cabin Crew
F000064,C053,Cabin Crew
F000064,C009,Cabin Crew
F000065,C030,Captain
F000065,C029,First Officer
F000065,C001,Cabin Crew
F000065,C041,Cabin Crew
F000065,C009,Cabin Crew
F000066,C072,Captain
F000066,C075,First Officer
F000066,C048,Cabin Crew
F000066,C047,Cabin Crew
F000066,C077,Cabin Crew
F000067,C008,Captain
F000067,C075,First Officer
F000067,C066,Cabin Crew
F000067,C048,Cabin Crew
F000067,C045,Cabin Crew
F000068,C016,Captain
F000068,C033,First Officer
F000068,C062,Cabin Crew
F000068,C021,Cabin Crew
F000068,C041,Cabin Crew
F000069,C012,Captain
F000069,C039,First Officer
F000069,C069,Cabin Crew
F000069,C043,Cabin Crew
F000069,C031,Cabin Crew
F000070,C046,Captain
F000070,C033,First Officer
F000070,C037,Cabin Crew
F000070,C057,Cabin Crew
F000070,C066,Cabin Crew
F000071,C026,Captain
F000071,C076,First Officer
F000071,C041,Cabin Crew
F000071,C050,Cabin Crew
F000071,C057,Cabin Crew
F000072,C072,Captain
F000072,C013,First Officer
F000072,C080,Cabin Crew
F000072,C066,Cabin Crew
F000072,C010,Cabin Crew
F000073,C018,Captain
F000073,C070,First Officer
F000073,C031,Cabin Crew
F000073,C034,Cabin Crew
F000073,C078,Cabin Crew
F000074,C002,Captain
F000074,C023,First Officer
F000074,C059,Cabin Crew
F000074,C032,Cabin Crew
F000074,C001,Cabin Crew
F000075,C002,Captain
F000075,C044,First Officer
F000075,C032,Cabin Crew
F000075,C077,Cabin Crew
F000075,C080,Cabin Crew
F000076,C055,Captain
F000076,C023,First Officer
F000076,C010,Cabin Crew
F000076,C059,Cabin Crew
F000076,C062,Cabin Crew
F000077,C008,Captain
F000077,C042,First Officer
F000077,C056,Cabin Crew
F000077,C017,Cabin Crew
F000077,C062,Cabin Crew
F000078,C026,Captain
F000078,C024,First Officer
F000078,C035,Cabin Crew
F000078,C031,Cabin Crew
F000078,C009,Cabin Crew
F000079,C046,Captain
F000079,C054,First Officer
F000079,C063,Cabin Crew
F000079,C041,Cabin Crew
F000079,C009,Cabin Crew
F000080,C020,Captain
F000080,C039,First Officer
F000080,C010,Cabin Crew
F000080,C035,Cabin Crew
F000080,C068,Cabin Crew
F000081,C014,Captain
F000081,C015,First Officer
F000081,C032,Cabin Crew
F000081,C050,Cabin Crew
F000081,C068,Cabin Crew
F000082,C051,Captain
F000082,C015,First Officer
F000082,C019,Cabin Crew
F000082,C059,Cabin Crew
F000082,C001,Cabin Crew
F000083,C040,Captain
F000083,C067,First Officer
F000083,C069,Cabin Crew
F000083,C048,Cabin Crew
F000083,C034,Cabin Crew
F000084,C016,Captain
F000084,C029,First Officer
F000084,C037,Cabin Crew
F000084,C032,Cabin Crew
F000084,C064,Cabin Crew
F000085,C008,Captain
F000085,C075,First Officer
F000085,C057,Cabin Crew
F000085,C063,Cabin Crew
F000085,C066,Cabin Crew
F000086,C012,Captain
F000086,C033,First Officer
F000086,C071,Cabin Crew
F000086,C027,Cabin Crew
F000086,C032,Cabin Crew
F000087,C030,Captain
F000087,C070,First Officer
F000087,C057,Cabin Crew
F000087,C028,Cabin Crew
F000087,C017,Cabin Crew
F000088,C007,Captain
F000088,C013,First Officer
F000088,C037,Cabin Crew
F000088,C062,Cabin Crew
F000088,C036,Cabin Crew
F000089,C026,Captain
F000089,C060,First Officer
F000089,C036,Cabin Crew
F000089,C078,Cabin Crew
F000089,C077,Cabin Crew
F000090,C014,Captain
F000090,C067,First Officer
F000090,C059,Cabin Crew
F000090,C043,Cabin Crew
F000090,C077,Cabin Crew
F000091,C012,Captain
F000091,C039,First Officer
F000091,C045,Cabin Crew
F000091,C069,Cabin Crew
F000091,C079,Cabin Crew
F000092,C018,Captain
F000092,C058,First Officer
F000092,C003,Cabin Crew
F000092,C079,Cabin Crew
F000092,C063,Cabin Crew
F000093,C040,Captain
F000093,C060,First Officer
F000093,C064,Cabin Crew
F000093,C079,Cabin Crew
F000093,C071,Cabin Crew
F000094,C049,Captain
F000094,C054,First Officer
F000094,C032,Cabin Crew
F000094,C043,Cabin Crew
F000094,C001,Cabin Crew
F000095,C040,Captain
F000095,C075,First Officer
F000095,C017,Cabin Crew
F000095,C056,Cabin Crew
F000095,C032,Cabin Crew
F000096,C051,Captain
F000096,C070,First Officer
F000096,C035,Cabin Crew
F000096,C037,Cabin Crew
F000096,C017,Cabin Crew
F000097,C040,Captain
F000097,C022,First Officer
F000097,C005,Cabin Crew
F000097,C057,Cabin Crew
F000097,C006,Cabin Crew
F000098,C016,Captain
F000098,C054,First Officer
F000098,C017,Cabin Crew
F000098,C019,Cabin Crew
F000098,C032,Cabin Crew
F000099,C038,Captain
F000099,C060,First Officer
F000099,C068,Cabin Crew
F000099,C006,Cabin Crew
F000099,C065,Cabin Crew
F000100,C038,Captain
F000100,C044,First Officer
F000100,C069,Cabin Crew
F000100,C066,Cabin Crew
F000100,C043,Cabin Crew
F000101,C051,Captain
F000101,C067,First Officer
F000101,C077,Cabin Crew
F000101,C078,Cabin Crew
F000101,C080,Cabin Crew
F000102,C061,Captain
F000102,C058,First Officer
F000102,C037,Cabin Crew
F000102,C063,Cabin Crew
F000102,C053,Cabin Crew
F000103,C026,Captain
F000103,C058,First Officer
F000103,C080,Cabin Crew
F000103,C078,Cabin Crew
F000103,C035,Cabin Crew
F000104,C011,Captain
F000104,C024,First Officer
F000104,C027,Cabin Crew
F000104,C053,Cabin Crew
F000104,C080,Cabin Crew
F000105,C030,Captain
F000105,C042,First Officer
F000105,C027,Cabin Crew
F000105,C077,Cabin Crew
F000105,C028,Cabin Crew
F000106,C002,Captain
F000106,C023,First Officer
F000106,C045,Cabin Crew
F000106,C035,Cabin Crew
F000106,C062,Cabin Crew
F000107,C018,Captain
F000107,C060,First Officer
F000107,C035,Cabin Crew
F000107,C032,Cabin Crew
F000107,C017,Cabin Crew
F000108,C038,Captain
F000108,C023,First Officer
F000108,C050,Cabin Crew
F000108,C031,Cabin Crew
F000108,C045,Cabin Crew
F000109,C007,Captain
F000109,C052,First Officer
F000109,C003,Cabin Crew
F000109,C057,Cabin Crew
F000109,C047,Cabin Crew
F000110,C018,Captain
F000110,C013,First Officer
F000110,C001,Cabin Crew
F000110,C031,Cabin Crew
F000110,C073,Cabin Crew
F000111,C011,Captain
F000111,C029,First Officer
F000111,C077,Cabin Crew
F000111,C057,Cabin Crew
F000111,C021,Cabin Crew
F000112,C026,Captain
F000112,C058,First Officer
F000112,C003,Cabin Crew
F000112,C057,Cabin Crew
F000112,C078,Cabin Crew
F000113,C026,Captain
F000113,C074,First Officer
F000113,C019,Cabin Crew
F000113,C059,Cabin Crew
F000113,C028,Cabin Crew
F000114,C049,Captain
F000114,C033,First Officer
F000114,C057,Cabin Crew
F000114,C021,Cabin Crew
F000114,C064,Cabin Crew
F000115,C008,Captain
F000115,C039,First Officer
F000115,C017,Cabin Crew
F000115,C043,Cabin Crew
F000115,C003,Cabin Crew
F000116,C002,Captain
F000116,C015,First Officer
F000116,C035,Cabin Crew
F000116,C065,Cabin Crew
F000116,C027,Cabin Crew
F000117,C014,Captain
F000117,C070,First Officer
F000117,C028,Cabin Crew
F000117,C065,Cabin Crew
F000117,C064,Cabin Crew
F000118,C026,Captain
F000118,C029,First Officer
F000118,C079,Cabin Crew
F000118,C043,Cabin Crew
F000118,C010,Cabin Crew
F000119,C038,Captain
F000119,C023,First Officer
F000119,C041,Cabin Crew
F000119,C035,Cabin Crew
F000119,C009,Cabin Crew
F000120,C040,Captain
F000120,C022,First Officer
F000120,C031,Cabin Crew
F000120,C043,Cabin Crew
F000120,C047,Cabin Crew
F000121,C012,Captain
F000121,C052,First Officer
F000121,C047,Cabin Crew
F000121,C037,Cabin Crew
F000121,C032,Cabin Crew
F000122,C008,Captain
F000122,C022,First Officer
F000122,C053,Cabin Crew
F000122,C010,Cabin Crew
F000122,C028,Cabin Crew
F000123,C061,Captain
F000123,C024,First Officer
F000123,C003,Cabin Crew
F000123,C047,Cabin Crew
F000123,C035,Cabin Crew
F000124,C046,Captain
F000124,C029,First Officer
F000124,C037,Cabin Crew
F000124,C073,Cabin Crew
F000124,C048,Cabin Crew
F000125,C012,Captain
F000125,C039,First Officer
F000125,C071,Cabin Crew
F000125,C079,Cabin Crew
F000125,C064,Cabin Crew
F000126,C026,Captain
F000126,C067,First Officer
F000126,C045,Cabin Crew
F000126,C041,Cabin Crew
F000126,C034,Cabin Crew
F000127,C008,Captain
F000127,C076,First Officer
F000127,C043,Cabin Crew
F000127,C045,Cabin Crew
F000127,C028,Cabin Crew
F000128,C061,Captain
F000128,C070,First Officer
F000128,C017,Cabin Crew
F000128,C071,Cabin Crew
F000128,C010,Cabin Crew
F000129,C061,Captain
F000129,C015,First Officer
F000129,C001,Cabin Crew
F000129,C003,Cabin Crew
F000129,C005,Cabin Crew
F000130,C014,Captain
F000130,C024,First Officer
F000130,C062,Cabin Crew
F000130,C010,Cabin Crew
F000130,C059,Cabin Crew
F000131,C049,Captain
F000131,C022,First Officer
F000131,C065,Cabin Crew
F000131,C056,Cabin Crew
F000131,C034,Cabin Crew
F000132,C051,Captain
F000132,C024,First Officer
F000132,C068,Cabin Crew
F000132,C036,Cabin Crew
F000132,C010,Cabin Crew
F000133,C049,Captain
F000133,C024,First Officer
F000133,C010,Cabin Crew
F000133,C068,Cabin Crew
F000133,C071,Cabin Crew
F000134,C038,Captain
F000134,C058,First Officer
F000134,C001,Cabin Crew
F000134,C079,Cabin Crew
F000134,C048,Cabin Crew
F000135,C002,Captain
F000135,C023,First Officer
F000135,C045,Cabin Crew
F000135,C032,Cabin Crew
F000135,C069,Cabin Crew
F000136,C008,Captain
F000136,C060,First Officer
F000136,C019,Cabin Crew
F000136,C031,Cabin Crew
F000136,C003,Cabin Crew
F000137,C040,Captain
F000137,C029,First Officer
F000137,C010,Cabin Crew
F000137,C045,Cabin Crew
F000137,C019,Cabin Crew
F000138,C026,Captain
F000138,C074,First Officer
F000138,C035,Cabin Crew
F000138,C050,Cabin Crew
F000138,C034,Cabin Crew
F000139,C011,Captain
F000139,C033,First Officer
F000139,C065,Cabin Crew
F000139,C034,Cabin Crew
F000139,C063,Cabin Crew
F000140,C026,Captain
F000140,C024,First Officer
F000140,C001,Cabin Crew
F000140,C065,Cabin Crew
F000140,C035,Cabin Crew
F000141,C049,Captain
F000141,C025,First Officer
F000141,C064,Cabin Crew
F000141,C050,Cabin Crew
F000141,C036,Cabin Crew
F000142,C055,Captain
F000142,C013,First Officer
F000142,C043,Cabin Crew
F000142,C031,Cabin Crew
F000142,C079,Cabin Crew
F000143,C049,Captain
F000143,C033,First Officer
F000143,C019,Cabin Crew
F000143,C021,Cabin Crew
F000143,C001,Cabin Crew
F000144,C051,Captain
F000144,C075,First Officer
F000144,C032,Cabin Crew
F000144,C077,Cabin Crew
F000144,C064,Cabin Crew
F000145,C004,Captain
F000145,C076,First Officer
F000145,C027,Cabin Crew
F000145,C006,Cabin Crew
F000145,C035,Cabin Crew
F000146,C018,Captain
F000146,C015,First Officer
F000146,C036,Cabin Crew
F000146,C059,Cabin Crew
F000146,C045,Cabin Crew
F000147,C007,Captain
F000147,C042,First Officer
F000147,C017,Cabin Crew
F000147,C010,Cabin Crew
F000147,C069,Cabin Crew
F000148,C051,Captain
F000148,C070,First Officer
F000148,C041,Cabin Crew
F000148,C031,Cabin Crew
F000148,C019,Cabin Crew
F000149,C008,Captain
F000149,C013,First Officer
F000149,C064,Cabin Crew
F000149,C017,Cabin Crew
F000149,C059,Cabin Crew
F000150,C011,Captain
F000150,C029,First Officer
F000150,C043,Cabin Crew
F000150,C077,Cabin Crew
F000150,C045,Cabin Crew
F000151,C030,Captain
F000151,C033,First Officer
F000151,C068,Cabin Crew
F000151,C050,Cabin Crew
F000151,C045,Cabin Crew
F000152,C026,Captain
F000152,C067,First Officer
F000152,C047,Cabin Crew
F000152,C073,Cabin Crew
F000152,C045,Cabin Crew
F000153,C014,Captain
F000153,C070,First Officer
F000153,C066,Cabin Crew
F000153,C062,Cabin Crew
F000153,C010,Cabin Crew
F000154,C051,Captain
F000154,C054,First Officer
F000154,C045,Cabin Crew
F000154,C069,Cabin Crew
F000154,C006,Cabin Crew
F000155,C004,Captain
F000155,C058,First Officer
F000155,C035,Cabin Crew
F000155,C010,Cabin Crew
F000155,C017,Cabin Crew
F000156,C004,Captain
F000156,C052,First Officer
F000156,C062,Cabin Crew
F000156,C071,Cabin Crew
F000156,C064,Cabin Crew
F000157,C012,Captain
F000157,C022,First Officer
F000157,C019,Cabin Crew
F000157,C077,Cabin Crew
F000157,C035,Cabin Crew
F000158,C072,Captain
F000158,C070,First Officer
F000158,C065,Cabin Crew
F000158,C017,Cabin Crew
F000158,C071,Cabin Crew
F000159,C014,Captain
F000159,C042,First Officer
F000159,C065,Cabin Crew
F000159,C047,Cabin Crew
F000159,C031,Cabin Crew
F000160,C046,Captain
F000160,C074,First Officer
F000160,C037,Cabin Crew
F000160,C032,Cabin Crew
F000160,C003,Cabin Crew
F000161,C030,Captain
F000161,C070,First Officer
F000161,C009,Cabin Crew
F000161,C047,Cabin Crew
F000161,C028,Cabin Crew
F000162,C049,Captain
F000162,C044,First Officer
F000162,C056,Cabin Crew
F000162,C021,Cabin Crew
F000162,C036,Cabin Crew
F000163,C051,Captain
F000163,C024,First Officer
F000163,C053,Cabin Crew
F000163,C063,Cabin Crew
F000163,C059,Cabin Crew
F000164,C046,Captain
F000164,C023,First Officer
F000164,C078,Cabin Crew
F000164,C079,Cabin Crew
F000164,C031,Cabin Crew
F000165,C020,Captain
F000165,C074,First Officer
F000165,C010,Cabin Crew
F000165,C031,Cabin Crew
F000165,C050,Cabin Crew
F000166,C016,Captain
F000166,C076,First Officer
F000166,C073,Cabin Crew
F000166,C048,Cabin Crew
F000166,C021,Cabin Crew
F000167,C012,Captain
F000167,C075,First Officer
F000167,C065,Cabin Crew
F000167,C001,Cabin Crew
F000167,C037,Cabin Crew
F000168,C007,Captain
F000168,C058,First Officer
F000168,C066,Cabin Crew
F000168,C057,Cabin Crew
F000168,C006,Cabin Crew
F000169,C046,Captain
F000169,C022,First Officer
F000169,C068,Cabin Crew
F000169,C009,Cabin Crew
F000169,C021,Cabin Crew
F000170,C061,Captain
F000170,C067,First Officer
F000170,C063,Cabin Crew
F000170,C017,Cabin Crew
F000170,C079,Cabin Crew
F000171,C014,Captain
F000171,C025,First Officer
F000171,C036,Cabin Crew
F000171,C006,Cabin Crew
F000171,C027,Cabin Crew
F000172,C049,Captain
F000172,C022,First Officer
F000172,C059,Cabin Crew
F000172,C009,Cabin Crew
F000172,C079,Cabin Crew
F000173,C008,Captain
F000173,C042,First Officer
F000173,C036,Cabin Crew
F000173,C057,Cabin Crew
F000173,C043,Cabin Crew
F000174,C055,Captain
F000174,C060,First Officer
F000174,C063,Cabin Crew
F000174,C068,Cabin Crew
F000174,C017,Cabin Crew
F000175,C016,Captain
F000175,C024,First Officer
F000175,C043,Cabin Crew
F000175,C021,Cabin Crew
F000175,C031,Cabin Crew
F000176,C049,Captain
F000176,C067,First Officer
F000176,C078,Cabin Crew
F000176,C001,Cabin Crew
F000176,C032,Cabin Crew
F000177,C055,Captain
F000177,C023,First Officer
F000177,C001,Cabin Crew
F000177,C043,Cabin Crew
F000177,C006,Cabin Crew
F000178,C012,Captain
F000178,C029,First Officer
F000178,C066,Cabin Crew
F000178,C068,Cabin Crew
F000178,C041,Cabin Crew
F000179,C004,Captain
F000179,C054,First Officer
F000179,C043,Cabin Crew
F000179,C028,Cabin Crew
F000179,C062,Cabin Crew
F000180,C011,Captain
F000180,C060,First Officer
F000180,C003,Cabin Crew
F000180,C037,Cabin Crew
F000180,C080,Cabin Crew
F000181,C008,Captain
F000181,C075,First Officer
F000181,C019,Cabin Crew
F000181,C036,Cabin Crew
F000181,C034,Cabin Crew
F000182,C012,Captain
F000182,C023,First Officer
F000182,C043,Cabin Crew
F000182,C057,Cabin Crew
F000182,C056,Cabin Crew
F000183,C061,Captain
F000183,C075,First Officer
F000183,C048,Cabin Crew
F000183,C031,Cabin Crew
F000183,C036,Cabin Crew
F000184,C018,Captain
F000184,C067,First Officer
F000184,C048,Cabin Crew
F000184,C062,Cabin Crew
F000184,C028,Cabin Crew
F000185,C008,Captain
F000185,C013,First Officer
F000185,C017,Cabin Crew
F000185,C065,Cabin Crew
F000185,C041,Cabin Crew
F000186,C026,Captain
F000186,C025,First Officer
F000186,C062,Cabin Crew
F000186,C069,Cabin Crew
F000186,C001,Cabin Crew
F000187,C014,Captain
F000187,C023,First Officer
F000187,C035,Cabin Crew
F000187,C062,Cabin Crew
F000187,C036,Cabin Crew
F000188,C040,Captain
F000188,C013,First Officer
F000188,C078,Cabin Crew
F000188,C063,Cabin Crew
F000188,C056,Cabin Crew
F000189,C012,Captain
F000189,C023,First Officer
F000189,C071,Cabin Crew
F000189,C062,Cabin Crew
F000189,C003,Cabin Crew
F000190,C014,Captain
F000190,C058,First Officer
F000190,C034,Cabin Crew
F000190,C077,Cabin Crew
F000190,C006,Cabin Crew
F000191,C011,Captain
F000191,C074,First Officer
F000191,C027,Cabin Crew
F000191,C001,Cabin Crew
F000191,C059,Cabin Crew
F000192,C002,Captain
F000192,C075,First Officer
F000192,C069,Cabin Crew
F000192,C066,Cabin Crew
F000192,C079,Cabin Crew
F000193,C072,Captain
F000193,C054,First Officer
F000193,C036,Cabin Crew
F000193,C006,Cabin Crew
F000193,C056,Cabin Crew
F000194,C038,Captain
F000194,C067,First Officer
F000194,C005,Cabin Crew
F000194,C078,Cabin Crew
F000194,C048,Cabin Crew
F000195,C051,Captain
F000195,C039,First Officer
F000195,C048,Cabin Crew
F000195,C069,Cabin Crew
F000195,C035,Cabin Crew
F000196,C061,Captain
F000196,C024,First Officer
F000196,C005,Cabin Crew
F000196,C047,Cabin Crew
F000196,C031,Cabin Crew
F000197,C020,Captain
F000197,C033,First Officer
F000197,C065,Cabin Crew
F000197,C077,Cabin Crew
F000197,C053,Cabin Crew
F000198,C018,Captain
F000198,C029,First Officer
F000198,C047,Cabin Crew
F000198,C078,Cabin Crew
F000198,C017,Cabin Crew
F000199,C016,Captain
F000199,C015,First Officer
F000199,C021,Cabin Crew
F000199,C079,Cabin Crew
F000199,C045,Cabin Crew
F000200,C020,Captain
F000200,C058,First Officer
F000200,C001,Cabin Crew
F000200,C065,Cabin Crew
F000200,C077,Cabin Crew
F000201,C012,Captain
F000201,C075,First Officer
F000201,C047,Cabin Crew
F000201,C069,Cabin Crew
F000201,C019,Cabin Crew
F000202,C016,Captain
F000202,C013,First Officer
F000202,C050,Cabin Crew
F000202,C035,Cabin Crew
F000202,C045,Cabin Crew
F000203,C002,Captain
F000203,C015,First Officer
F000203,C062,Cabin Crew
F000203,C021,Cabin Crew
F000203,C035,Cabin Crew
F000204,C002,Captain
F000204,C013,First Officer
F000204,C006,Cabin Crew
F000204,C010,Cabin Crew
F000204,C056,Cabin Crew
F000205,C011,Captain
F000205,C024,First Officer
F000205,C078,Cabin Crew
F000205,C048,Cabin Crew
F000205,C021,Cabin Crew
F000206,C040,Captain
F000206,C058,First Officer
F000206,C048,Cabin Crew
F000206,C063,Cabin Crew
F000206,C035,Cabin Crew
F000207,C004,Captain
F000207,C067,First Officer
F000207,C069,Cabin Crew
F000207,C009,Cabin Crew
F000207,C064,Cabin Crew
F000208,C049,Captain
F000208,C015,First Officer
F000208,C062,Cabin Crew
F000208,C056,Cabin Crew
F000208,C045,Cabin Crew
F000209,C038,Captain
F000209,C074,First Officer
F000209,C056,Cabin Crew
F000209,C063,Cabin Crew
F000209,C045,Cabin Crew
F000210,C011,Captain
F000210,C033,First Officer
F000210,C017,Cabin Crew
F000210,C057,Cabin Crew
F000210,C068,Cabin Crew
F000211,C049,Captain
F000211,C058,First Officer
F000211,C064,Cabin Crew
F000211,C017,Cabin Crew
F000211,C031,Cabin Crew
F000212,C055,Captain
F000212,C015,First Officer
F000212,C059,Cabin Crew
F000212,C031,Cabin Crew
F000212,C043,Cabin Crew
F000213,C051,Captain
F000213,C039,First Officer
F000213,C080,Cabin Crew
F000213,C066,Cabin Crew
F000213,C037,Cabin Crew
F000214,C002,Captain
F000214,C022,First Officer
F000214,C078,Cabin Crew
F000214,C071,Cabin Crew
F000214,C034,Cabin Crew
F000215,C030,Captain
F000215,C076,First Officer
F000215,C036,Cabin Crew
F000215,C056,Cabin Crew
F000215,C041,Cabin Crew
F000216,C051,Captain
F000216,C023,First Officer
F000216,C050,Cabin Crew
F000216,C032,Cabin Crew
F000216,C053,Cabin Crew
F000217,C016,Captain
F000217,C070,First Officer
F000217,C069,Cabin Crew
F000217,C047,Cabin Crew
F000217,C010,Cabin Crew
F000218,C014,Captain
F000218,C042,First Officer
F000218,C027,Cabin Crew
F000218,C003,Cabin Crew
F000218,C032,Cabin Crew
F000219,C072,Captain
F000219,C075,First Officer
F000219,C078,Cabin Crew
F000219,C032,Cabin Crew
F000219,C009,Cabin Crew
F000220,C004,Captain
F000220,C013,First Officer
F000220,C005,Cabin Crew
F000220,C010,Cabin Crew
F000220,C062,Cabin Crew
F000221,C030,Captain
F000221,C022,First Officer
F000221,C003,Cabin Crew
F000221,C019,Cabin Crew
F000221,C059,Cabin Crew
F000222,C011,Captain
F000222,C067,First Officer
F000222,C064,Cabin Crew
F000222,C047,Cabin Crew
F000222,C043,Cabin Crew
F000223,C007,Captain
F000223,C013,First Officer
F000223,C043,Cabin Crew
F000223,C050,Cabin Crew
F000223,C036,Cabin Crew
F000224,C018,Captain
F000224,C044,First Officer
F000224,C059,Cabin Crew
F000224,C036,Cabin Crew
F000224,C057,Cabin Crew
F000225,C055,Captain
F000225,C042,First Officer
F000225,C032,Cabin Crew
F000225,C056,Cabin Crew
F000225,C048,Cabin Crew
F000226,C018,Captain
F000226,C076,First Officer
F000226,C041,Cabin Crew
F000226,C062,Cabin Crew
F000226,C010,Cabin Crew
F000227,C007,Captain
F000227,C067,First Officer
F000227,C009,Cabin Crew
F000227,C003,Cabin Crew
F000227,C056,Cabin Crew
F000228,C055,Captain
F000228,C039,First Officer
F000228,C027,Cabin Crew
F000228,C021,Cabin Crew
F000228,C079,Cabin Crew
F000229,C020,Captain
F000229,C070,First Officer
F000229,C027,Cabin Crew
F000229,C056,Cabin Crew
F000229,C009,Cabin Crew
F000230,C018,Captain
F000230,C029,First Officer
F000230,C009,Cabin Crew
F000230,C001,Cabin Crew
F000230,C045,Cabin Crew
F000231,C061,Captain
F000231,C013,First Officer
F000231,C028,Cabin Crew
F000231,C041,Cabin Crew
F000231,C035,Cabin Crew
F000232,C026,Captain
F000232,C074,First Officer
F000232,C050,Cabin Crew
F000232,C078,Cabin Crew
F000232,C010,Cabin Crew
F000233,C030,Captain
F000233,C039,First Officer
F000233,C028,Cabin Crew
F000233,C027,Cabin Crew
F000233,C005,Cabin Crew
F000234,C055,Captain
F000234,C060,First Officer
F000234,C034,Cabin Crew
F000234,C037,Cabin Crew
F000234,C028,Cabin Crew
F000235,C018,Captain
F000235,C076,First Officer
F000235,C078,Cabin Crew
F000235,C001,Cabin Crew
F000235,C045,Cabin Crew
F000236,C026,Captain
F000236,C067,First Officer
F000236,C078,Cabin Crew
F000236,C009,Cabin Crew
F000236,C032,Cabin Crew
F000237,C020,Captain
F000237,C013,First Officer
F000237,C031,Cabin Crew
F000237,C032,Cabin Crew
F000237,C080,Cabin Crew
F000238,C008,Captain
F000238,C076,First Officer
F000238,C078,Cabin Crew
F000238,C028,Cabin Crew
F000238,C057,Cabin Crew
F000239,C011,Captain
F000239,C060,First Officer
F000239,C047,Cabin Crew
F000239,C043,Cabin Crew
F000239,C005,Cabin Crew
F000240,C049,Captain
F000240,C015,First Officer
F000240,C048,Cabin Crew
F000240,C009,Cabin Crew
F000240,C028,Cabin Crew
F000241,C040,Captain
F000241,C074,First Officer
F000241,C068,Cabin Crew
F000241,C053,Cabin Crew
F000241,C021,Cabin Crew
F000242,C046,Captain
F000242,C015,First Officer
F000242,C073,Cabin Crew
F000242,C032,Cabin Crew
F000242,C056,Cabin Crew
F000243,C030,Captain
F000243,C022,First Officer
F000243,C005,Cabin Crew
F000243,C017,Cabin Crew
F000243,C019,Cabin Crew
F000244,C008,Captain
F000244,C042,First Officer
F000244,C010,Cabin Crew
F000244,C003,Cabin Crew
F000244,C006,Cabin Crew
F000245,C049,Captain
F000245,C015,First Officer
F000245,C068,Cabin Crew
F000245,C003,Cabin Crew
F000245,C032,Cabin Crew
F000246,C030,Captain
F000246,C033,First Officer
F000246,C071,Cabin Crew
F000246,C032,Cabin Crew
F000246,C010,Cabin Crew
F000247,C046,Captain
F000247,C025,First Officer
F000247,C064,Cabin Crew
F000247,C053,Cabin Crew
F000247,C021,Cabin Crew
F000248,C046,Captain
F000248,C075,First Officer
F000248,C047,Cabin Crew
F000248,C057,Cabin Crew
F000248,C019,Cabin Crew
F000249,C026,Captain
F000249,C029,First Officer
F000249,C010,Cabin Crew
F000249,C064,Cabin Crew
F000249,C003,Cabin Crew
F000250,C049,Captain
F000250,C025,First Officer
F000250,C005,Cabin Crew
F000250,C064,Cabin Crew
F000250,C047,Cabin Crew
F000251,C008,Captain
F000251,C023,First Officer
F000251,C053,Cabin Crew
F000251,C003,Cabin Crew
F000251,C034,Cabin Crew
F000252,C040,Captain
F000252,C022,First Officer
F000252,C057,Cabin Crew
F000252,C037,Cabin Crew
F000252,C078,Cabin Crew
F000253,C030,Captain
F000253,C044,First Officer
F000253,C071,Cabin Crew
F000253,C017,Cabin Crew
F000253,C028,Cabin Crew
F000254,C051,Captain
F000254,C060,First Officer
F000254,C047,Cabin Crew
F000254,C001,Cabin Crew
F000254,C031,Cabin Crew
F000255,C061,Captain
F000255,C074,First Officer
F000255,C079,Cabin Crew
F000255,C077,Cabin Crew
F000255,C071,Cabin Crew
F000256,C040,Captain
F000256,C070,First Officer
F000256,C079,Cabin Crew
F000256,C062,Cabin Crew
F000256,C066,Cabin Crew
F000257,C012,Captain
F000257,C022,First Officer
F000257,C062,Cabin Crew
F000257,C043,Cabin Crew
F000257,C009,Cabin Crew
F000258,C026,Captain
F000258,C076,First Officer
F000258,C045,Cabin Crew
F000258,C078,Cabin Crew
F000258,C003,Cabin Crew
F000259,C008,Captain
F000259,C015,First Officer
F000259,C027,Cabin Crew
F000259,C045,Cabin Crew
F000259,C068,Cabin Crew
F000260,C038,Captain
F000260,C075,First Officer
F000260,C032,Cabin Crew
F000260,C043,Cabin Crew
F000260,C036,Cabin Crew
F000261,C002,Captain
F000261,C075,First Officer
F000261,C034,Cabin Crew
F000261,C050,Cabin Crew
F000261,C065,Cabin Crew
F000262,C007,Captain
F000262,C060,First Officer
F000262,C069,Cabin Crew
F000262,C032,Cabin Crew
F000262,C003,Cabin Crew
F000263,C038,Captain
F000263,C067,First Officer
F000263,C056,Cabin Crew
F000263,C068,Cabin Crew
F000263,C037,Cabin Crew
F000264,C012,Captain
F000264,C039,First Officer
F000264,C009,Cabin Crew
F000264,C063,Cabin Crew
F000264,C035,Cabin Crew
F000265,C061,Captain
F000265,C058,First Officer
F000265,C032,Cabin Crew
F000265,C006,Cabin Crew
F000265,C064,Cabin Crew
F000266,C011,Captain
F000266,C024,First Officer
F000266,C053,Cabin Crew
F000266,C047,Cabin Crew
F000266,C019,Cabin Crew
F000267,C040,Captain
F000267,C060,First Officer
F000267,C037,Cabin Crew
F000267,C035,Cabin Crew
F000267,C059,Cabin Crew
F000268,C007,Captain
F000268,C039,First Officer
F000268,C021,Cabin Crew
F000268,C032,Cabin Crew
F000268,C080,Cabin Crew
F000269,C012,Captain
F000269,C015,First Officer
F000269,C068,Cabin Crew
F000269,C005,Cabin Crew
F000269,C035,Cabin Crew
F000270,C055,Captain
F000270,C025,First Officer
F000270,C019,Cabin Crew
F000270,C053,Cabin Crew
F000270,C080,Cabin Crew
F000271,C026,Captain
F000271,C070,First Officer
F000271,C037,Cabin Crew
F000271,C071,Cabin Crew
F000271,C064,Cabin Crew
F000272,C055,Captain
F000272,C029,First Officer
F000272,C064,Cabin Crew
F000272,C059,Cabin Crew
F000272,C056,Cabin Crew
F000273,C016,Captain
F000273,C013,First Officer
F000273,C021,Cabin Crew
F000273,C063,Cabin Crew
F000273,C006,Cabin Crew
F000274,C004,Captain
F000274,C013,First Officer
F000274,C001,Cabin Crew
F000274,C036,Cabin Crew
F000274,C009,Cabin Crew
F000275,C040,Captain
F000275,C022,First Officer
F000275,C017,Cabin Crew
F000275,C006,Cabin Crew
F000275,C047,Cabin Crew
F000276,C002,Captain
F000276,C052,First Officer
F000276,C065,Cabin Crew
F000276,C005,Cabin Crew
F000276,C050,Cabin Crew
F000277,C014,Captain
F000277,C070,First Officer
F000277,C080,Cabin Crew
F000277,C027,Cabin Crew
F000277,C048,Cabin Crew
F000278,C008,Captain
F000278,C033,First Officer
F000278,C078,Cabin Crew
F000278,C068,Cabin Crew
F000278,C037,Cabin Crew
F000279,C011,Captain
F000279,C015,First Officer
F000279,C068,Cabin Crew
F000279,C037,Cabin Crew
F000279,C062,Cabin Crew
F000280,C049,Captain
F000280,C039,First Officer
F000280,C003,Cabin Crew
F000280,C056,Cabin Crew
F000280,C006,Cabin Crew
F000281,C051,Captain
F000281,C067,First Officer
F000281,C069,Cabin Crew
F000281,C034,Cabin Crew
F000281,C043,Cabin Crew
F000282,C014,Captain
F000282,C042,First Officer
F000282,C069,Cabin Crew
F000282,C078,Cabin Crew
F000282,C041,Cabin Crew
F000283,C008,Captain
F000283,C024,First Officer
F000283,C003,Cabin Crew
F000283,C017,Cabin Crew
F000283,C059,Cabin Crew
F000284,C016,Captain
F000284,C022,First Officer
F000284,C078,Cabin Crew
F000284,C003,Cabin Crew
F000284,C057,Cabin Crew
F000285,C012,Captain
F000285,C029,First Officer
F000285,C027,Cabin Crew
F000285,C053,Cabin Crew
F000285,C057,Cabin Crew
F000286,C030,Captain
F000286,C013,First Officer
F000286,C053,Cabin Crew
F000286,C027,Cabin Crew
F000286,C005,Cabin Crew
F000287,C002,Captain
F000287,C075,First Officer
F000287,C066,Cabin Crew
F000287,C027,Cabin Crew
F000287,C041,Cabin Crew
F000288,C011,Captain
F000288,C013,First Officer
F000288,C071,Cabin Crew
F000288,C034,Cabin Crew
F000288,C047,Cabin Crew
F000289,C011,Captain
F000289,C076,First Officer
F000289,C050,Cabin Crew
F000289,C078,Cabin Crew
F000289,C032,Cabin Crew
F000290,C038,Captain
F000290,C023,First Officer
F000290,C079,Cabin Crew
F000290,C065,Cabin Crew
F000290,C063,Cabin Crew
F000291,C030,Captain
F000291,C023,First Officer
F000291,C077,Cabin Crew
F000291,C036,Cabin Crew
F000291,C032,Cabin Crew
F000292,C011,Captain
F000292,C024,First Officer
F000292,C005,Cabin Crew
F000292,C009,Cabin Crew
F000292,C021,Cabin Crew
F000293,C018,Captain
F000293,C074,First Officer
F000293,C057,Cabin Crew
F000293,C036,Cabin Crew
F000293,C077,Cabin Crew
F000294,C049,Captain
F000294,C058,First Officer
F000294,C071,Cabin Crew
F000294,C034,Cabin Crew
F000294,C065,Cabin Crew
F000295,C046,Captain
F000295,C070,First Officer
F000295,C045,Cabin Crew
F000295,C043,Cabin Crew
F000295,C080,Cabin Crew
F000296,C038,Captain
F000296,C076,First Officer
F000296,C035,Cabin Crew
F000296,C034,Cabin Crew
F000296,C069,Cabin Crew
F000297,C072,Captain
F000297,C042,First Officer
F000297,C065,Cabin Crew
F000297,C048,Cabin Crew
F000297,C073,Cabin Crew
F000298,C011,Captain
F000298,C054,First Officer
F000298,C028,Cabin Crew
F000298,C035,Cabin Crew
F000298,C010,Cabin Crew
F000299,C011,Captain
F000299,C015,First Officer
F000299,C071,Cabin Crew
F000299,C073,Cabin Crew
F000299,C006,Cabin Crew
F000300,C002,Captain
F000300,C033,First Officer
F000300,C071,Cabin Crew
F000300,C080,Cabin Crew
F000300,C021,Cabin Crew
F000301,C061,Captain
F000301,C033,First Officer
F000301,C071,Cabin Crew
F000301,C053,Cabin Crew
F000301,C032,Cabin Crew
F000302,C026,Captain
F000302,C025,First Officer
F000302,C028,Cabin Crew
F000302,C080,Cabin Crew
F000302,C065,Cabin Crew
F000303,C016,Captain
F000303,C023,First Officer
F000303,C032,Cabin Crew
F000303,C005,Cabin Crew
F000303,C073,Cabin Crew
F000304,C046,Captain
F000304,C039,First Officer
F000304,C066,Cabin Crew
F000304,C009,Cabin Crew
F000304,C021,Cabin Crew
F000305,C020,Captain
F000305,C052,First Officer
F000305,C073,Cabin Crew
F000305,C035,Cabin Crew
F000305,C031,Cabin Crew
F000306,C026,Captain
F000306,C015,First Officer
F000306,C009,Cabin Crew
F000306,C043,Cabin Crew
F000306,C073,Cabin Crew
F000307,C016,Captain
F000307,C039,First Officer
F000307,C021,Cabin Crew
F000307,C028,Cabin Crew
F000307,C036,Cabin Crew
F000308,C061,Captain
F000308,C029,First Officer
F000308,C005,Cabin Crew
F000308,C035,Cabin Crew
F000308,C021,Cabin Crew
F000309,C004,Captain
F000309,C052,First Officer
F000309,C068,Cabin Crew
F000309,C009,Cabin Crew
F000309,C066,Cabin Crew
F000310,C030,Captain
F000310,C013,First Officer
F000310,C048,Cabin Crew
F000310,C001,Cabin Crew
F000310,C073,Cabin Crew
F000311,C018,Captain
F000311,C067,First Officer
F000311,C035,Cabin Crew
F000311,C037,Cabin Crew
F000311,C064,Cabin Crew
F000312,C016,Captain
F000312,C029,First Officer
F000312,C068,Cabin Crew
F000312,C006,Cabin Crew
F000312,C045,Cabin Crew
F000313,C055,Captain
F000313,C075,First Officer
F000313,C062,Cabin Crew
F000313,C021,Cabin Crew
F000313,C059,Cabin Crew
F000314,C016,Captain
F000314,C015,First Officer
F000314,C066,Cabin Crew
F000314,C056,Cabin Crew
F000314,C027,Cabin Crew
F000315,C016,Captain
F000315,C054,First Officer
F000315,C047,Cabin Crew
F000315,C032,Cabin Crew
F000315,C073,Cabin Crew
F000316,C020,Captain
F000316,C060,First Officer
F000316,C057,Cabin Crew
F000316,C001,Cabin Crew
F000316,C010,Cabin Crew
F000317,C030,Captain
F000317,C076,First Officer
F000317,C059,Cabin Crew
F000317,C068,Cabin Crew
F000317,C066,Cabin Crew
F000318,C004,Captain
F000318,C074,First Officer
F000318,C043,Cabin Crew
F000318,C005,Cabin Crew
F000318,C077,Cabin Crew
F000319,C007,Captain
F000319,C023,First Officer
F000319,C006,Cabin Crew
F000319,C001,Cabin Crew
F000319,C043,Cabin Crew
F000320,C012,Captain
F000320,C024,First Officer
F000320,C027,Cabin Crew
F000320,C032,Cabin Crew
F000320,C053,Cabin Crew
F000321,C002,Captain
F000321,C074,First Officer
F000321,C037,Cabin Crew
F000321,C009,Cabin Crew
F000321,C057,Cabin Crew
F000322,C014,Captain
F000322,C070,First Officer
F000322,C017,Cabin Crew
F000322,C073,Cabin Crew
F000322,C034,Cabin Crew
F000323,C014,Captain
F000323,C022,First Officer
F000323,C045,Cabin Crew
F000323,C009,Cabin Crew
F000323,C041,Cabin Crew
F000324,C007,Captain
F000324,C015,First Officer
F000324,C068,Cabin Crew
F000324,C073,Cabin Crew
F000324,C059,Cabin Crew
F000325,C046,Captain
F000325,C039,First Officer
F000325,C064,Cabin Crew
F000325,C056,Cabin Crew
F000325,C006,Cabin Crew
F000326,C007,Captain
F000326,C060,First Officer
F000326,C064,Cabin Crew
F000326,C031,Cabin Crew
F000326,C032,Cabin Crew
F000327,C011,Captain
F000327,C052,First Officer
F000327,C050,Cabin Crew
F000327,C037,Cabin Crew
F000327,C006,Cabin Crew
F000328,C072,Captain
F000328,C024,First Officer
F000328,C047,Cabin Crew
F000328,C080,Cabin Crew
F000328,C003,Cabin Crew
F000329,C030,Captain
F000329,C052,First Officer
F000329,C053,Cabin Crew
F000329,C031,Cabin Crew
F000329,C062,Cabin Crew
F000330,C016,Captain
F000330,C033,First Officer
F000330,C034,Cabin Crew
F000330,C071,Cabin Crew
F000330,C041,Cabin Crew
F000331,C007,Captain
F000331,C042,First Officer
F000331,C003,Cabin Crew
F000331,C078,Cabin Crew
F000331,C069,Cabin Crew
F000332,C030,Captain
F000332,C074,First Officer
F000332,C064,Cabin Crew
F000332,C043,Cabin Crew
F000332,C071,Cabin Crew
F000333,C038,Captain
F000333,C025,First Officer
F000333,C019,Cabin Crew
F000333,C069,Cabin Crew
F000333,C021,Cabin Crew
F000334,C018,Captain
F000334,C070,First Officer
F000334,C079,Cabin Crew
F000334,C036,Cabin Crew
F000334,C028,Cabin Crew
F000335,C008,Captain
F000335,C023,First Officer
F000335,C045,Cabin Crew
F000335,C032,Cabin Crew
F000335,C035,Cabin Crew
F000336,C026,Captain
F000336,C025,First Officer
F000336,C019,Cabin Crew
F000336,C068,Cabin Crew
F000336,C053,Cabin Crew
F000337,C008,Captain
F000337,C054,First Officer
F000337,C080,Cabin Crew
F000337,C056,Cabin Crew
F000337,C031,Cabin Crew
F000338,C051,Captain
F000338,C042,First Officer
F000338,C053,Cabin Crew
F000338,C003,Cabin Crew
F000338,C010,Cabin Crew
F000339,C014,Captain
F000339,C076,First Officer
F000339,C045,Cabin Crew
F000339,C005,Cabin Crew
F000339,C059,Cabin Crew
F000340,C055,Captain
F000340,C067,First Officer
F000340,C048,Cabin Crew
F000340,C068,Cabin Crew
F000340,C069,Cabin Crew
F000341,C008,Captain
F000341,C076,First Officer
F000341,C021,Cabin Crew
F000341,C064,Cabin Crew
F000341,C066,Cabin Crew
F000342,C002,Captain
F000342,C013,First Officer
F000342,C050,Cabin Crew
F000342,C009,Cabin Crew
F000342,C001,Cabin Crew
F000343,C030,Captain
F000343,C033,First Officer
F000343,C027,Cabin Crew
F000343,C017,Cabin Crew
F000343,C041,Cabin Crew
F000344,C072,Captain
F000344,C060,First Officer
F000344,C003,Cabin Crew
F000344,C066,Cabin Crew
F000344,C017,Cabin Crew
F000345,C012,Captain
F000345,C029,First Officer
F000345,C066,Cabin Crew
F000345,C071,Cabin Crew
F000345,C063,Cabin Crew
F000346,C018,Captain
F000346,C013,First Officer
F000346,C028,Cabin Crew
F000346,C043,Cabin Crew
F000346,C062,Cabin Crew
F000347,C072,Captain
F000347,C058,First Officer
F000347,C003,Cabin Crew
F000347,C035,Cabin Crew
F000347,C019,Cabin Crew
F000348,C030,Captain
F000348,C054,First Officer
F000348,C045,Cabin Crew
F000348,C028,Cabin Crew
F000348,C059,Cabin Crew
F000349,C038,Captain
F000349,C015,First Officer
F000349,C062,Cabin Crew
F000349,C031,Cabin Crew
F000349,C064,Cabin Crew
F000350,C012,Captain
F000350,C044,First Officer
F000350,C063,Cabin Crew
F000350,C031,Cabin Crew
F000350,C077,Cabin Crew
F000351,C012,Captain
F000351,C074,First Officer
F000351,C009,Cabin Crew
F000351,C071,Cabin Crew
F000351,C001,Cabin Crew
F000352,C020,Captain
F000352,C054,First Officer
F000352,C027,Cabin Crew
F000352,C053,Cabin Crew
F000352,C077,Cabin Crew
F000353,C061,Captain
F000353,C023,First Officer
F000353,C001,Cabin Crew
F000353,C009,Cabin Crew
F000353,C059,Cabin Crew
F000354,C011,Captain
F000354,C076,First Officer
F000354,C053,Cabin Crew
F000354,C056,Cabin Crew
F000354,C065,Cabin Crew
F000355,C055,Captain
F000355,C015,First Officer
F000355,C063,Cabin Crew
F000355,C056,Cabin Crew
F000355,C017,Cabin Crew
F000356,C061,Captain
F000356,C042,First Officer
F000356,C028,Cabin Crew
F000356,C005,Cabin Crew
F000356,C017,Cabin Crew
F000357,C016,Captain
F000357,C044,First Officer
F000357,C037,Cabin Crew
F000357,C078,Cabin Crew
F000357,C066,Cabin Crew
F000358,C002,Captain
F000358,C015,First Officer
F000358,C050,Cabin Crew
F000358,C068,Cabin Crew
F000358,C017,Cabin Crew
F000359,C011,Captain
F000359,C033,First Officer
F000359,C003,Cabin Crew
F000359,C019,Cabin Crew
F000359,C064,Cabin Crew
F000360,C049,Captain
F000360,C033,First Officer
F000360,C071,Cabin Crew
F000360,C056,Cabin Crew
F000360,C017,Cabin Crew
F000361,C020,Captain
F000361,C015,First Officer
F000361,C021,Cabin Crew
F000361,C048,Cabin Crew
F000361,C063,Cabin Crew
F000362,C061,Captain
F000362,C013,First Officer
F000362,C059,Cabin Crew
F000362,C010,Cabin Crew
F000362,C041,Cabin Crew
F000363,C046,Captain
F000363,C023,First Officer
F000363,C019,Cabin Crew
F000363,C047,Cabin Crew
F000363,C021,Cabin Crew
F000364,C002,Captain
F000364,C054,First Officer
F000364,C056,Cabin Crew
F000364,C057,Cabin Crew
F000364,C080,Cabin Crew
F000365,C002,Captain
F000365,C025,First Officer
F000365,C078,Cabin Crew
F000365,C009,Cabin Crew
F000365,C071,Cabin Crew
F000366,C072,Captain
F000366,C044,First Officer
F000366,C017,Cabin Crew
F000366,C078,Cabin Crew
F000366,C066,Cabin Crew
F000367,C046,Captain
F000367,C022,First Officer
F000367,C065,Cabin Crew
F000367,C028,Cabin Crew
F000367,C077,Cabin Crew
F000368,C002,Captain
F000368,C060,First Officer
F000368,C010,Cabin Crew
F000368,C065,Cabin Crew
F000368,C063,Cabin Crew
F000369,C007,Captain
F000369,C067,First Officer
F000369,C078,Cabin Crew
F000369,C077,Cabin Crew
F000369,C021,Cabin Crew
F000370,C055,Captain
F000370,C054,First Officer
F000370,C032,Cabin Crew
F000370,C021,Cabin Crew
F000370,C017,Cabin Crew
F000371,C004,Captain
F000371,C076,First Officer
F000371,C036,Cabin Crew
F000371,C027,Cabin Crew
F000371,C071,Cabin Crew
F000372,C014,Captain
F000372,C070,First Officer
F000372,C041,Cabin Crew
F000372,C056,Cabin Crew
F000372,C065,Cabin Crew
F000373,C016,Captain
F000373,C013,First Officer
F000373,C017,Cabin Crew
F000373,C045,Cabin Crew
F000373,C068,Cabin Crew
F000374,C055,Captain
F000374,C022,First Officer
F000374,C006,Cabin Crew
F000374,C027,Cabin Crew
F000374,C001,Cabin Crew
F000375,C008,Captain
F000375,C067,First Officer
F000375,C019,Cabin Crew
F000375,C045,Cabin Crew
F000375,C079,Cabin Crew
F000376,C014,Captain
F000376,C033,First Officer
F000376,C036,Cabin Crew
F000376,C005,Cabin Crew
F000376,C027,Cabin Crew
F000377,C061,Captain
F000377,C015,First Officer
F000377,C048,Cabin Crew
F000377,C034,Cabin Crew
F000377,C077,Cabin Crew
F000378,C011,Captain
F000378,C054,First Officer
F000378,C050,Cabin Crew
F000378,C043,Cabin Crew
F000378,C032,Cabin Crew
F000379,C020,Captain
F000379,C075,First Officer
F000379,C068,Cabin Crew
F000379,C080,Cabin Crew
F000379,C027,Cabin Crew
F000380,C026,Captain
F000380,C013,First Officer
F000380,C041,Cabin Crew
F000380,C048,Cabin Crew
F000380,C035,Cabin Crew
F000381,C014,Captain
F000381,C067,First Officer
F000381,C028,Cabin Crew
F000381,C035,Cabin Crew
F000381,C057,Cabin Crew
F000382,C055,Captain
F000382,C015,First Officer
F000382,C064,Cabin Crew
F000382,C048,Cabin Crew
F000382,C005,Cabin Crew
F000383,C004,Captain
F000383,C024,First Officer
F000383,C057,Cabin Crew
F000383,C059,Cabin Crew
F000383,C001,Cabin Crew
F000384,C061,Captain
F000384,C076,First Officer
F000384,C053,Cabin Crew
F000384,C078,Cabin Crew
F000384,C003,Cabin Crew
F000385,C008,Captain
F000385,C023,First Officer
F000385,C078,Cabin Crew
F000385,C009,Cabin Crew
F000385,C017,Cabin Crew
F000386,C040,Captain
F000386,C033,First Officer
F000386,C001,Cabin Crew
F000386,C036,Cabin Crew
F000386,C080,Cabin Crew
F000387,C040,Captain
F000387,C013,First Officer
F000387,C006,Cabin Crew
F000387,C053,Cabin Crew
F000387,C019,Cabin Crew
F000388,C055,Captain
F000388,C015,First Officer
F000388,C017,Cabin Crew
F000388,C080,Cabin Crew
F000388,C028,Cabin Crew
F000389,C004,Captain
F000389,C042,First Officer
F000389,C068,Cabin Crew
F000389,C043,Cabin Crew
F000389,C064,Cabin Crew
F000390,C018,Captain
F000390,C054,First Officer
F000390,C037,Cabin Crew
F000390,C078,Cabin Crew
F000390,C005,Cabin Crew
F000391,C011,Captain
F000391,C013,First Officer
F000391,C035,Cabin Crew
F000391,C077,Cabin Crew
F000391,C036,Cabin Crew
F000392,C008,Captain
F000392,C025,First Officer
F000392,C036,Cabin Crew
F000392,C003,Cabin Crew
F000392,C080,Cabin Crew
F000393,C007,Captain
F000393,C054,First Officer
F000393,C047,Cabin Crew
F000393,C010,Cabin Crew
F000393,C035,Cabin Crew
F000394,C016,Captain
F000394,C058,First Officer
F000394,C037,Cabin Crew
F000394,C019,Cabin Crew
F000394,C009,Cabin Crew
F000395,C046,Captain
F000395,C067,First Officer
F000395,C034,Cabin Crew
F000395,C045,Cabin Crew
F000395,C032,Cabin Crew
F000396,C051,Captain
F000396,C042,First Officer
F000396,C021,Cabin Crew
F000396,C080,Cabin Crew
F000396,C065,Cabin Crew
F000397,C004,Captain
F000397,C052,First Officer
F000397,C065,Cabin Crew
F000397,C053,Cabin Crew
F000397,C066,Cabin Crew
F000398,C014,Captain
F000398,C025,First Officer
F000398,C077,Cabin Crew
F000398,C028,Cabin Crew
F000398,C006,Cabin Crew
F000399,C014,Captain
F000399,C076,First Officer
F000399,C045,Cabin Crew
F000399,C005,Cabin Crew
F000399,C009,Cabin Crew
F000400,C049,Captain
F000400,C042,First Officer
F000400,C003,Cabin Crew
F000400,C068,Cabin Crew
F000400,C065,Cabin Crew
F000401,C011,Captain
F000401,C013,First Officer
F000401,C009,Cabin Crew
F000401,C032,Cabin Crew
F000401,C079,Cabin Crew
F000402,C016,Captain
F000402,C029,First Officer
F000402,C065,Cabin Crew
F000402,C043,Cabin Crew
F000402,C034,Cabin Crew
F000403,C038,Captain
F000403,C052,First Officer
F000403,C059,Cabin Crew
F000403,C048,Cabin Crew
F000403,C045,Cabin Crew
F000404,C026,Captain
F000404,C076,First Officer
F000404,C078,Cabin Crew
F000404,C047,Cabin Crew
F000404,C027,Cabin Crew
F000405,C055,Captain
F000405,C067,First Officer
F000405,C027,Cabin Crew
F000405,C036,Cabin Crew
F000405,C077,Cabin Crew
F000406,C049,Captain
F000406,C052,First Officer
F000406,C034,Cabin Crew
F000406,C073,Cabin Crew
F000406,C068,Cabin Crew
F000407,C051,Captain
F000407,C025,First Officer
F000407,C065,Cabin Crew
F000407,C045,Cabin Crew
F000407,C066,Cabin Crew
F000408,C051,Captain
F000408,C067,First Officer
F000408,C001,Cabin Crew
F000408,C037,Cabin Crew
F000408,C043,Cabin Crew
F000409,C051,Captain
F000409,C076,First Officer
F000409,C037,Cabin Crew
F000409,C001,Cabin Crew
F000409,C073,Cabin Crew
F000410,C051,Captain
F000410,C058,First Officer
F000410,C047,Cabin Crew
F000410,C019,Cabin Crew
F000410,C032,Cabin Crew
F000411,C038,Captain
F000411,C023,First Officer
F000411,C003,Cabin Crew
F000411,C035,Cabin Crew
F000411,C021,Cabin Crew
F000412,C004,Captain
F000412,C058,First Officer
F000412,C005,Cabin Crew
F000412,C006,Cabin Crew
F000412,C047,Cabin Crew
F000413,C011,Captain
F000413,C044,First Officer
F000413,C028,Cabin Crew
F000413,C078,Cabin Crew
F000413,C021,Cabin Crew
F000414,C002,Captain
F000414,C013,First Officer
F000414,C009,Cabin Crew
F000414,C010,Cabin Crew
F000414,C041,Cabin Crew
F000415,C020,Captain
F000415,C013,First Officer
F000415,C068,Cabin Crew
F000415,C001,Cabin Crew
F000415,C027,Cabin Crew
F000416,C040,Captain
F000416,C039,First Officer
F000416,C005,Cabin Crew
F000416,C045,Cabin Crew
F000416,C009,Cabin Crew
F000417,C014,Captain
F000417,C076,First Officer
F000417,C056,Cabin Crew
F000417,C019,Cabin Crew
F000417,C077,Cabin Crew
F000418,C014,Captain
F000418,C076,First Officer
F000418,C006,Cabin Crew
F000418,C047,Cabin Crew
F000418,C073,Cabin Crew
F000419,C004,Captain
F000419,C022,First Officer
F000419,C048,Cabin Crew
F000419,C037,Cabin Crew
F000419,C005,Cabin Crew
F000420,C007,Captain
F000420,C039,First Officer
F000420,C006,Cabin Crew
F000420,C009,Cabin Crew
F000420,C062,Cabin Crew
F000421,C051,Captain
F000421,C025,First Officer
F000421,C064,Cabin Crew
F000421,C053,Cabin Crew
F000421,C021,Cabin Crew
F000422,C051,Captain
F000422,C015,First Officer
F000422,C036,Cabin Crew
F000422,C019,Cabin Crew
F000422,C053,Cabin Crew
F000423,C049,Captain
F000423,C033,First Officer
F000423,C064,Cabin Crew
F000423,C021,Cabin Crew
F000423,C036,Cabin Crew
F000424,C055,Captain
F000424,C075,First Officer
F000424,C056,Cabin Crew
F000424,C005,Cabin Crew
F000424,C071,Cabin Crew
F000425,C018,Captain
F000425,C042,First Officer
F000425,C050,Cabin Crew
F000425,C065,Cabin Crew
F000425,C043,Cabin Crew
F000426,C004,Captain
F000426,C023,First Officer
F000426,C080,Cabin Crew
F000426,C037,Cabin Crew
F000426,C059,Cabin Crew
F000427,C046,Captain
F000427,C025,First Officer
F000427,C043,Cabin Crew
F000427,C057,Cabin Crew
F000427,C005,Cabin Crew
F000428,C049,Captain
F000428,C058,First Officer
F000428,C037,Cabin Crew
F000428,C062,Cabin Crew
F000428,C006,Cabin Crew
F000429,C049,Captain
F000429,C042,First Officer
F000429,C063,Cabin Crew
F000429,C001,Cabin Crew
F000429,C009,Cabin Crew
F000430,C051,Captain
F000430,C039,First Officer
F000430,C045,Cabin Crew
F000430,C028,Cabin Crew
F000430,C073,Cabin Crew
F000431,C061,Captain
F000431,C070,First Officer
F000431,C048,Cabin Crew
F000431,C080,Cabin Crew
F000431,C071,Cabin Crew
F000432,C007,Captain
F000432,C044,First Officer
F000432,C017,Cabin Crew
F000432,C068,Cabin Crew
F000432,C005,Cabin Crew
F000433,C012,Captain
F000433,C039,First Officer
F000433,C080,Cabin Crew
F000433,C059,Cabin Crew
F000433,C032,Cabin Crew
F000434,C026,Captain
F000434,C076,First Officer
F000434,C032,Cabin Crew
F000434,C064,Cabin Crew
F000434,C063,Cabin Crew
F000435,C026,Captain
F000435,C042,First Officer
F000435,C069,Cabin Crew
F000435,C059,Cabin Crew
F000435,C019,Cabin Crew
F000436,C018,Captain
F000436,C054,First Officer
F000436,C034,Cabin Crew
F000436,C062,Cabin Crew
F000436,C066,Cabin Crew
F000437,C055,Captain
F000437,C025,First Officer
F000437,C057,Cabin Crew
F000437,C036,Cabin Crew
F000437,C078,Cabin Crew
F000438,C055,Captain
F000438,C070,First Officer
F000438,C048,Cabin Crew
F000438,C037,Cabin Crew
F000438,C005,Cabin Crew
F000439,C072,Captain
F000439,C060,First Officer
F000439,C062,Cabin Crew
F000439,C048,Cabin Crew
F000439,C059,Cabin Crew
F000440,C049,Captain
F000440,C029,First Officer
F000440,C078,Cabin Crew
F000440,C021,Cabin Crew
F000440,C050,Cabin Crew
F000441,C018,Captain
F000441,C033,First Officer
F000441,C041,Cabin Crew
F000441,C036,Cabin Crew
F000441,C001,Cabin Crew
F000442,C049,Captain
F000442,C067,First Officer
F000442,C077,Cabin Crew
F000442,C036,Cabin Crew
F000442,C027,Cabin Crew
F000443,C012,Captain
F000443,C013,First Officer
F000443,C037,Cabin Crew
F000443,C047,Cabin Crew
F000443,C059,Cabin Crew
F000444,C007,Captain
F000444,C058,First Officer
F000444,C045,Cabin Crew
F000444,C005,Cabin Crew
F000444,C065,Cabin Crew
F000445,C011,Captain
F000445,C013,First Officer
F000445,C065,Cabin Crew
F000445,C027,Cabin Crew
F000445,C028,Cabin Crew
F000446,C049,Captain
F000446,C060,First Officer
F000446,C045,Cabin Crew
F000446,C065,Cabin Crew
F000446,C057,Cabin Crew
F000447,C007,Captain
F000447,C058,First Officer
F000447,C053,Cabin Crew
F000447,C006,Cabin Crew
F000447,C031,Cabin Crew
F000448,C030,Captain
F000448,C013,First Officer
F000448,C078,Cabin Crew
F000448,C079,Cabin Crew
F000448,C063,Cabin Crew
F000449,C008,Captain
F000449,C022,First Officer
F000449,C066,Cabin Crew
F000449,C065,Cabin Crew
F000449,C062,Cabin Crew
F000450,C007,Captain
F000450,C060,First Officer
F000450,C071,Cabin Crew
F000450,C009,Cabin Crew
F000450,C063,Cabin Crew
F000451,C051,Captain
F000451,C075,First Officer
F000451,C064,Cabin Crew
F000451,C001,Cabin Crew
F000451,C034,Cabin Crew
F000452,C011,Captain
F000452,C013,First Officer
F000452,C037,Cabin Crew
F000452,C059,Cabin Crew
F000452,C001,Cabin Crew
F000453,C051,Captain
F000453,C076,First Officer
F000453,C035,Cabin Crew
F000453,C057,Cabin Crew
F000453,C017,Cabin Crew
F000454,C038,Captain
F000454,C023,First Officer
F000454,C021,Cabin Crew
F000454,C028,Cabin Crew
F000454,C080,Cabin Crew
F000455,C018,Captain
F000455,C029,First Officer
F000455,C053,Cabin Crew
F000455,C066,Cabin Crew
F000455,C001,Cabin Crew
F000456,C055,Captain
F000456,C022,First Officer
F000456,C080,Cabin Crew
F000456,C047,Cabin Crew
F000456,C035,Cabin Crew
F000457,C061,Captain
F000457,C015,First Officer
F000457,C048,Cabin Crew
F000457,C065,Cabin Crew
F000457,C028,Cabin Crew
F000458,C026,Captain
F000458,C076,First Officer
F000458,C047,Cabin Crew
F000458,C065,Cabin Crew
F000458,C003,Cabin Crew
F000459,C008,Captain
F000459,C039,First Officer
F000459,C062,Cabin Crew
F000459,C019,Cabin Crew
F000459,C079,Cabin Crew
F000460,C038,Captain
F000460,C025,First Officer
F000460,C035,Cabin Crew
F000460,C017,Cabin Crew
F000460,C010,Cabin Crew
F000461,C072,Captain
F000461,C029,First Officer
F000461,C027,Cabin Crew
F000461,C071,Cabin Crew
F000461,C034,Cabin Crew
F000462,C061,Captain
F000462,C025,First Officer
F000462,C073,Cabin Crew
F000462,C047,Cabin Crew
F000462,C068,Cabin Crew
F000463,C040,Captain
F000463,C076,First Officer
F000463,C059,Cabin Crew
F000463,C032,Cabin Crew
F000463,C065,Cabin Crew
F000464,C051,Captain
F000464,C076,First Officer
F000464,C031,Cabin Crew
F000464,C001,Cabin Crew
F000464,C019,Cabin Crew
F000465,C007,Captain
F000465,C024,First Officer
F000465,C063,Cabin Crew
F000465,C048,Cabin Crew
F000465,C080,Cabin Crew
F000466,C030,Captain
F000466,C022,First Officer
F000466,C066,Cabin Crew
F000466,C019,Cabin Crew
F000466,C059,Cabin Crew
F000467,C008,Captain
F000467,C075,First Officer
F000467,C003,Cabin Crew
F000467,C048,Cabin Crew
F000467,C080,Cabin Crew
F000468,C007,Captain
F000468,C033,First Officer
F000468,C021,Cabin Crew
F000468,C001,Cabin Crew
F000468,C036,Cabin Crew
F000469,C002,Captain
F000469,C029,First Officer
F000469,C068,Cabin Crew
F000469,C001,Cabin Crew
F000469,C064,Cabin Crew
F000470,C026,Captain
F000470,C076,First Officer
F000470,C064,Cabin Crew
F000470,C017,Cabin Crew
F000470,C062,Cabin Crew
F000471,C030,Captain
F000471,C075,First Officer
F000471,C037,Cabin Crew
F000471,C009,Cabin Crew
F000471,C027,Cabin Crew
F000472,C002,Captain
F000472,C015,First Officer
F000472,C077,Cabin Crew
F000472,C021,Cabin Crew
F000472,C066,Cabin Crew
F000473,C038,Captain
F000473,C070,First Officer
F000473,C064,Cabin Crew
F000473,C056,Cabin Crew
F000473,C057,Cabin Crew
F000474,C072,Captain
F000474,C052,First Officer
F000474,C068,Cabin Crew
F000474,C045,Cabin Crew
F000474,C056,Cabin Crew
F000475,C026,Captain
F000475,C060,First Officer
F000475,C009,Cabin Crew
F000475,C079,Cabin Crew
F000475,C045,Cabin Crew
F000476,C072,Captain
F000476,C023,First Officer
F000476,C043,Cabin Crew
F000476,C080,Cabin Crew
F000476,C019,Cabin Crew
F000477,C055,Captain
F000477,C013,First Officer
F000477,C001,Cabin Crew
F000477,C073,Cabin Crew
F000477,C006,Cabin Crew
F000478,C014,Captain
F000478,C013,First Officer
F000478,C073,Cabin Crew
F000478,C080,Cabin Crew
F000478,C071,Cabin Crew
F000479,C051,Captain
F000479,C058,First Officer
F000479,C045,Cabin Crew
F000479,C005,Cabin Crew
F000479,C069,Cabin Crew
F000480,C049,Captain
F000480,C024,First Officer
F000480,C019,Cabin Crew
F000480,C047,Cabin Crew
F000480,C062,Cabin Crew
F000481,C002,Captain
F000481,C058,First Officer
F000481,C043,Cabin Crew
F000481,C035,Cabin Crew
F000481,C073,Cabin Crew
F000482,C049,Captain
F000482,C042,First Officer
F000482,C073,Cabin Crew
F000482,C034,Cabin Crew
F000482,C048,Cabin Crew
F000483,C020,Captain
F000483,C033,First Officer
F000483,C009,Cabin Crew
F000483,C069,Cabin Crew
F000483,C036,Cabin Crew
F000484,C055,Captain
F000484,C076,First Officer
F000484,C059,Cabin Crew
F000484,C064,Cabin Crew
F000484,C065,Cabin Crew
F000485,C055,Captain
F000485,C033,First Officer
F000485,C047,Cabin Crew
F000485,C073,Cabin Crew
F000485,C068,Cabin Crew
F000486,C061,Captain
F000486,C033,First Officer
F000486,C021,Cabin Crew
F000486,C047,Cabin Crew
F000486,C053,Cabin Crew
F000487,C055,Captain
F000487,C044,First Officer
F000487,C045,Cabin Crew
F000487,C021,Cabin Crew
F000487,C019,Cabin Crew
F000488,C002,Captain
F000488,C042,First Officer
F000488,C078,Cabin Crew
F000488,C057,Cabin Crew
F000488,C001,Cabin Crew
F000489,C012,Captain
F000489,C023,First Officer
F000489,C069,Cabin Crew
F000489,C003,Cabin Crew
F000489,C064,Cabin Crew
F000490,C040,Captain
F000490,C067,First Officer
F000490,C019,Cabin Crew
F000490,C048,Cabin Crew
F000490,C066,Cabin Crew
F000491,C004,Captain
F000491,C060,First Officer
F000491,C065,Cabin Crew
F000491,C041,Cabin Crew
F000491,C035,Cabin Crew
F000492,C061,Captain
F000492,C076,First Officer
F000492,C077,Cabin Crew
F000492,C066,Cabin Crew
F000492,C053,Cabin Crew
F000493,C055,Captain
F000493,C075,First Officer
F000493,C065,Cabin Crew
F000493,C036,Cabin Crew
F000493,C041,Cabin Crew
F000494,C002,Captain
F000494,C044,First Officer
F000494,C059,Cabin Crew
F000494,C001,Cabin Crew
F000494,C056,Cabin Crew
F000495,C020,Captain
F000495,C015,First Officer
F000495,C053,Cabin Crew
F000495,C031,Cabin Crew
F000495,C062,Cabin Crew
F000496,C007,Captain
F000496,C013,First Officer
F000496,C003,Cabin Crew
F000496,C053,Cabin Crew
F000496,C019,Cabin Crew
F000497,C026,Captain
F000497,C015,First Officer
F000497,C021,Cabin Crew
F000497,C043,Cabin Crew
F000497,C031,Cabin Crew
F000498,C014,Captain
F000498,C022,First Officer
F000498,C036,Cabin Crew
F000498,C019,Cabin Crew
F000498,C003,Cabin Crew
F000499,C046,Captain
F000499,C025,First Officer
F000499,C053,Cabin Crew
F000499,C028,Cabin Crew
F000499,C068,Cabin Crew
F000500,C038,Captain
F000500,C044,First Officer
F000500,C037,Cabin Crew
F000500,C035,Cabin Crew
F000500,C021,Cabin Crew
F000501,C055,Captain
F000501,C042,First Officer
F000501,C063,Cabin Crew
F000501,C034,Cabin Crew
F000501,C080,Cabin Crew
F000502,C004,Captain
F000502,C074,First Officer
F000502,C017,Cabin Crew
F000502,C078,Cabin Crew
F000502,C065,Cabin Crew
F000503,C020,Captain
F000503,C058,First Officer
F000503,C073,Cabin Crew
F000503,C009,Cabin Crew
F000503,C001,Cabin Crew
F000504,C002,Captain
F000504,C067,First Officer
F000504,C003,Cabin Crew
F000504,C059,Cabin Crew
F000504,C078,Cabin Crew
F000505,C008,Captain
F000505,C022,First Officer
F000505,C048,Cabin Crew
F000505,C064,Cabin Crew
F000505,C043,Cabin Crew
F000506,C012,Captain
F000506,C013,First Officer
F000506,C006,Cabin Crew
F000506,C078,Cabin Crew
F000506,C003,Cabin Crew
F000507,C072,Captain
F000507,C074,First Officer
F000507,C071,Cabin Crew
F000507,C064,Cabin Crew
F000507,C068,Cabin Crew
F000508,C011,Captain
F000508,C060,First Officer
F000508,C017,Cabin Crew
F000508,C006,Cabin Crew
F000508,C001,Cabin Crew
F000509,C040,Captain
F000509,C070,First Officer
F000509,C027,Cabin Crew
F000509,C057,Cabin Crew
F000509,C047,Cabin Crew
F000510,C051,Captain
F000510,C029,First Officer
F000510,C048,Cabin Crew
F000510,C077,Cabin Crew
F000510,C031,Cabin Crew
F000511,C051,Captain
F000511,C029,First Officer
F000511,C003,Cabin Crew
F000511,C080,Cabin Crew
F000511,C064,Cabin Crew
F000512,C002,Captain
F000512,C024,First Officer
F000512,C056,Cabin Crew
F000512,C053,Cabin Crew
F000512,C028,Cabin Crew
F000513,C038,Captain
F000513,C024,First Officer
F000513,C068,Cabin Crew
F000513,C045,Cabin Crew
F000513,C050,Cabin Crew
F000514,C014,Captain
F000514,C023,First Officer
F000514,C080,Cabin Crew
F000514,C065,Cabin Crew
F000514,C047,Cabin Crew
F000515,C018,Captain
F000515,C074,First Officer
F000515,C043,Cabin Crew
F000515,C005,Cabin Crew
F000515,C001,Cabin Crew
F000516,C011,Captain
F000516,C022,First Officer
F000516,C001,Cabin Crew
F000516,C050,Cabin Crew
F000516,C017,Cabin Crew
F000517,C049,Captain
F000517,C076,First Officer
F000517,C064,Cabin Crew
F000517,C068,Cabin Crew
F000517,C078,Cabin Crew
F000518,C007,Captain
F000518,C070,First Officer
F000518,C028,Cabin Crew
F000518,C035,Cabin Crew
F000518,C041,Cabin Crew
F000519,C012,Captain
F000519,C029,First Officer
F000519,C019,Cabin Crew
F000519,C017,Cabin Crew
F000519,C079,Cabin Crew
F000520,C020,Captain
F000520,C039,First Officer
F000520,C035,Cabin Crew
F000520,C059,Cabin Crew
F000520,C077,Cabin Crew
F000521,C008,Captain
F000521,C076,First Officer
F000521,C031,Cabin Crew
F000521,C079,Cabin Crew
F000521,C062,Cabin Crew
F000522,C004,Captain
F000522,C044,First Officer
F000522,C043,Cabin Crew
F000522,C028,Cabin Crew
F000522,C037,Cabin Crew
F000523,C008,Captain
F000523,C074,First Officer
F000523,C062,Cabin Crew
F000523,C043,Cabin Crew
F000523,C034,Cabin Crew
F000524,C004,Captain
F000524,C013,First Officer
F000524,C059,Cabin Crew
F000524,C056,Cabin Crew
F000524,C050,Cabin Crew
F000525,C012,Captain
F000525,C060,First Officer
F000525,C037,Cabin Crew
F000525,C050,Cabin Crew
F000525,C028,Cabin Crew
F000526,C011,Captain
F000526,C074,First Officer
F000526,C066,Cabin Crew
F000526,C065,Cabin Crew
F000526,C001,Cabin Crew
F000527,C061,Captain
F000527,C044,First Officer
F000527,C079,Cabin Crew
F000527,C036,Cabin Crew
F000527,C059,Cabin Crew
F000528,C020,Captain
F000528,C058,First Officer
F000528,C034,Cabin Crew
F000528,C036,Cabin Crew
F000528,C048,Cabin Crew
F000529,C020,Captain
F000529,C067,First Officer
F000529,C005,Cabin Crew
F000529,C036,Cabin Crew
F000529,C035,Cabin Crew
F000530,C020,Captain
F000530,C025,First Officer
F000530,C047,Cabin Crew
F000530,C019,Cabin Crew
F000530,C021,Cabin Crew
F000531,C004,Captain
F000531,C023,First Officer
F000531,C063,Cabin Crew
F000531,C065,Cabin Crew
F000531,C078,Cabin Crew
F000532,C014,Captain
F000532,C024,First Officer
F000532,C062,Cabin Crew
F000532,C071,Cabin Crew
F000532,C050,Cabin Crew
F000533,C012,Captain
F000533,C052,First Officer
F000533,C066,Cabin Crew
F000533,C009,Cabin Crew
F000533,C047,Cabin Crew
F000534,C014,Captain
F000534,C076,First Officer
F000534,C034,Cabin Crew
F000534,C064,Cabin Crew
F000534,C071,Cabin Crew
F000535,C016,Captain
F000535,C067,First Officer
F000535,C053,Cabin Crew
F000535,C043,Cabin Crew
F000535,C057,Cabin Crew
F000536,C008,Captain
F000536,C058,First Officer
F000536,C079,Cabin Crew
F000536,C003,Cabin Crew
F000536,C059,Cabin Crew
F000537,C004,Captain
F000537,C023,First Officer
F000537,C078,Cabin Crew
F000537,C056,Cabin Crew
F000537,C068,Cabin Crew
F000538,C049,Captain
F000538,C024,First Officer
F000538,C059,Cabin Crew
F000538,C062,Cabin Crew
F000538,C043,Cabin Crew
F000539,C011,Captain
F000539,C067,First Officer
F000539,C031,Cabin Crew
F000539,C010,Cabin Crew
F000539,C036,Cabin Crew
F000540,C011,Captain
F000540,C070,First Officer
F000540,C077,Cabin Crew
F000540,C006,Cabin Crew
F000540,C003,Cabin Crew
F000541,C008,Captain
F000541,C024,First Officer
F000541,C027,Cabin Crew
F000541,C047,Cabin Crew
F000541,C009,Cabin Crew
F000542,C072,Captain
F000542,C039,First Officer
F000542,C006,Cabin Crew
F000542,C078,Cabin Crew
F000542,C056,Cabin Crew
F000543,C046,Captain
F000543,C013,First Officer
F000543,C078,Cabin Crew
F000543,C032,Cabin Crew
F000543,C065,Cabin Crew
F000544,C016,Captain
F000544,C013,First Officer
F000544,C064,Cabin Crew
F000544,C034,Cabin Crew
F000544,C048,Cabin Crew
F000545,C011,Captain
F000545,C075,First Officer
F000545,C031,Cabin Crew
F000545,C010,Cabin Crew
F000545,C045,Cabin Crew
F000546,C004,Captain
F000546,C042,First Officer
F000546,C065,Cabin Crew
F000546,C006,Cabin Crew
F000546,C043,Cabin Crew
F000547,C046,Captain
F000547,C025,First Officer
F000547,C028,Cabin Crew
F000547,C079,Cabin Crew
F000547,C068,Cabin Crew
F000548,C014,Captain
F000548,C058,First Officer
F000548,C077,Cabin Crew
F000548,C006,Cabin Crew
F000548,C028,Cabin Crew
F000549,C049,Captain
F000549,C042,First Officer
F000549,C045,Cabin Crew
F000549,C032,Cabin Crew
F000549,C064,Cabin Crew
F000550,C012,Captain
F000550,C074,First Officer
F000550,C080,Cabin Crew
F000550,C006,Cabin Crew
F000550,C047,Cabin Crew
F000551,C072,Captain
F000551,C025,First Officer
F000551,C056,Cabin Crew
F000551,C053,Cabin Crew
F000551,C010,Cabin Crew
F000552,C011,Captain
F000552,C015,First Officer
F000552,C077,Cabin Crew
F000552,C057,Cabin Crew
F000552,C010,Cabin Crew
F000553,C011,Captain
F000553,C022,First Officer
F000553,C048,Cabin Crew
F000553,C035,Cabin Crew
F000553,C068,Cabin Crew
F000554,C055,Captain
F000554,C033,First Officer
F000554,C059,Cabin Crew
F000554,C047,Cabin Crew
F000554,C028,Cabin Crew
F000555,C007,Captain
F000555,C067,First Officer
F000555,C017,Cabin Crew
F000555,C078,Cabin Crew
F000555,C056,Cabin Crew
F000556,C020,Captain
F000556,C033,First Officer
F000556,C047,Cabin Crew
F000556,C017,Cabin Crew
F000556,C077,Cabin Crew
F000557,C008,Captain
F000557,C033,First Officer
F000557,C010,Cabin Crew
F000557,C003,Cabin Crew
F000557,C056,Cabin Crew
F000558,C040,Captain
F000558,C054,First Officer
F000558,C021,Cabin Crew
F000558,C006,Cabin Crew
F000558,C003,Cabin Crew
F000559,C046,Captain
F000559,C042,First Officer
F000559,C056,Cabin Crew
F000559,C005,Cabin Crew
F000559,C064,Cabin Crew
F000560,C061,Captain
F000560,C076,First Officer
F000560,C017,Cabin Crew
F000560,C048,Cabin Crew
F000560,C078,Cabin Crew
F000561,C038,Captain
F000561,C075,First Officer
F000561,C066,Cabin Crew
F000561,C036,Cabin Crew
F000561,C005,Cabin Crew
F000562,C026,Captain
F000562,C054,First Officer
F000562,C006,Cabin Crew
F000562,C065,Cabin Crew
F000562,C027,Cabin Crew
F000563,C026,Captain
F000563,C076,First Officer
F000563,C043,Cabin Crew
F000563,C073,Cabin Crew
F000563,C080,Cabin Crew
F000564,C072,Captain
F000564,C039,First Officer
F000564,C068,Cabin Crew
F000564,C057,Cabin Crew
F000564,C079,Cabin Crew
F000565,C002,Captain
F000565,C024,First Officer
F000565,C077,Cabin Crew
F000565,C059,Cabin Crew
F000565,C021,Cabin Crew
F000566,C055,Captain
F000566,C024,First Officer
F000566,C021,Cabin Crew
F000566,C043,Cabin Crew
F000566,C034,Cabin Crew
F000567,C038,Captain
F000567,C015,First Officer
F000567,C041,Cabin Crew
F000567,C017,Cabin Crew
F000567,C010,Cabin Crew
F000568,C061,Captain
F000568,C058,First Officer
F000568,C079,Cabin Crew
F000568,C028,Cabin Crew
F000568,C065,Cabin Crew
F000569,C007,Captain
F000569,C042,First Officer
F000569,C001,Cabin Crew
F000569,C073,Cabin Crew
F000569,C048,Cabin Crew
F000570,C014,Captain
F000570,C074,First Officer
F000570,C036,Cabin Crew
F000570,C032,Cabin Crew
F000570,C080,Cabin Crew
F000571,C012,Captain
F000571,C067,First Officer
F000571,C059,Cabin Crew
F000571,C069,Cabin Crew
F000571,C017,Cabin Crew
F000572,C004,Captain
F000572,C052,First Officer
F000572,C077,Cabin Crew
F000572,C050,Cabin Crew
F000572,C053,Cabin Crew
F000573,C026,Captain
F000573,C013,First Officer
F000573,C027,Cabin Crew
F000573,C045,Cabin Crew
F000573,C043,Cabin Crew
F000574,C030,Captain
F000574,C033,First Officer
F000574,C009,Cabin Crew
F000574,C010,Cabin Crew
F000574,C078,Cabin Crew
F000575,C049,Captain
F000575,C015,First Officer
F000575,C065,Cabin Crew
F000575,C009,Cabin Crew
F000575,C047,Cabin Crew
F000576,C049,Captain
F000576,C075,First Officer
F000576,C028,Cabin Crew
F000576,C080,Cabin Crew
F000576,C032,Cabin Crew
F000577,C007,Captain
F000577,C052,First Officer
F000577,C036,Cabin Crew
F000577,C032,Cabin Crew
F000577,C006,Cabin Crew
F000578,C072,Captain
F000578,C024,First Officer
F000578,C009,Cabin Crew
F000578,C065,Cabin Crew
F000578,C047,Cabin Crew
F000579,C008,Captain
F000579,C058,First Officer
F000579,C034,Cabin Crew
F000579,C006,Cabin Crew
F000579,C036,Cabin Crew
F000580,C012,Captain
F000580,C042,First Officer
F000580,C041,Cabin Crew
F000580,C056,Cabin Crew
F000580,C068,Cabin Crew
F000581,C030,Captain
F000581,C070,First Officer
F000581,C028,Cabin Crew
F000581,C047,Cabin Crew
F000581,C071,Cabin Crew
F000582,C061,Captain
F000582,C015,First Officer
F000582,C009,Cabin Crew
F000582,C077,Cabin Crew
F000582,C080,Cabin Crew
F000583,C046,Captain
F000583,C074,First Officer
F000583,C031,Cabin Crew
F000583,C048,Cabin Crew
F000583,C069,Cabin Crew
F000584,C007,Captain
F000584,C015,First Officer
F000584,C047,Cabin Crew
F000584,C078,Cabin Crew
F000584,C021,Cabin Crew
F000585,C061,Captain
F000585,C029,First Officer
F000585,C057,Cabin Crew
F000585,C017,Cabin Crew
F000585,C043,Cabin Crew
F000586,C038,Captain
F000586,C070,First Officer
F000586,C006,Cabin Crew
F000586,C017,Cabin Crew
F000586,C010,Cabin Crew
F000587,C061,Captain
F000587,C039,First Officer
F000587,C035,Cabin Crew
F000587,C062,Cabin Crew
F000587,C077,Cabin Crew
F000588,C051,Captain
F000588,C022,First Officer
F000588,C066,Cabin Crew
F000588,C034,Cabin Crew
F000588,C043,Cabin Crew
F000589,C014,Captain
F000589,C039,First Officer
F000589,C006,Cabin Crew
F000589,C047,Cabin Crew
F000589,C036,Cabin Crew
F000590,C012,Captain
F000590,C076,First Officer
F000590,C019,Cabin Crew
F000590,C078,Cabin Crew
F000590,C041,Cabin Crew
F000591,C020,Captain
F000591,C054,First Officer
F000591,C062,Cabin Crew
F000591,C079,Cabin Crew
F000591,C034,Cabin Crew
F000592,C055,Captain
F000592,C025,First Officer
F000592,C005,Cabin Crew
F000592,C032,Cabin Crew
F000592,C010,Cabin Crew
F000593,C051,Captain
F000593,C024,First Officer
F000593,C069,Cabin Crew
F000593,C057,Cabin Crew
F000593,C062,Cabin Crew
F000594,C026,Captain
F000594,C033,First Officer
F000594,C031,Cabin Crew
F000594,C036,Cabin Crew
F000594,C037,Cabin Crew
F000595,C030,Captain
F000595,C022,First Officer
F000595,C005,Cabin Crew
F000595,C050,Cabin Crew
F000595,C043,Cabin Crew
F000596,C008,Captain
F000596,C042,First Officer
F000596,C064,Cabin Crew
F000596,C059,Cabin Crew
F000596,C069,Cabin Crew
F000597,C038,Captain
F000597,C042,First Officer
F000597,C035,Cabin Crew
F000597,C043,Cabin Crew
F000597,C073,Cabin Crew
F000598,C038,Captain
F000598,C075,First Officer
F000598,C066,Cabin Crew
F000598,C057,Cabin Crew
F000598,C063,Cabin Crew
F000599,C008,Captain
F000599,C044,First Officer
F000599,C028,Cabin Crew
F000599,C073,Cabin Crew
F000599,C056,Cabin Crew
F000600,C012,Captain
F000600,C070,First Officer
F000600,C063,Cabin Crew
F000600,C068,Cabin Crew
F000600,C071,Cabin Crew
F000601,C011,Captain
F000601,C074,First Officer
F000601,C053,Cabin Crew
F000601,C056,Cabin Crew
F000601,C027,Cabin Crew
F000602,C026,Captain
F000602,C075,First Officer
F000602,C063,Cabin Crew
F000602,C041,Cabin Crew
F000602,C059,Cabin Crew
F000603,C016,Captain
F000603,C024,First Officer
F000603,C017,Cabin Crew
F000603,C045,Cabin Crew
F000603,C028,Cabin Crew
F000604,C040,Captain
F000604,C042,First Officer
F000604,C010,Cabin Crew
F000604,C034,Cabin Crew
F000604,C041,Cabin Crew
F000605,C016,Captain
F000605,C015,First Officer
F000605,C069,Cabin Crew
F000605,C057,Cabin Crew
F000605,C021,Cabin Crew
F000606,C026,Captain
F000606,C023,First Officer
F000606,C035,Cabin Crew
F000606,C034,Cabin Crew
F000606,C037,Cabin Crew
F000607,C072,Captain
F000607,C013,First Officer
F000607,C062,Cabin Crew
F000607,C071,Cabin Crew
F000607,C035,Cabin Crew
F000608,C002,Captain
F000608,C052,First Officer
F000608,C050,Cabin Crew
F000608,C078,Cabin Crew
F000608,C045,Cabin Crew
F000609,C061,Captain
F000609,C044,First Officer
F000609,C068,Cabin Crew
F000609,C037,Cabin Crew
F000609,C057,Cabin Crew
F000610,C008,Captain
F000610,C024,First Officer
F000610,C021,Cabin Crew
F000610,C003,Cabin Crew
F000610,C057,Cabin Crew
F000611,C061,Captain
F000611,C029,First Officer
F000611,C041,Cabin Crew
F000611,C059,Cabin Crew
F000611,C068,Cabin Crew
F000612,C014,Captain
F000612,C039,First Officer
F000612,C034,Cabin Crew
F000612,C043,Cabin Crew
F000612,C031,Cabin Crew
F000613,C030,Captain
F000613,C060,First Officer
F000613,C037,Cabin Crew
F000613,C079,Cabin Crew
F000613,C071,Cabin Crew
F000614,C061,Captain
F000614,C060,First Officer
F000614,C045,Cabin Crew
F000614,C071,Cabin Crew
F000614,C064,Cabin Crew
F000615,C049,Captain
F000615,C039,First Officer
F000615,C034,Cabin Crew
F000615,C009,Cabin Crew
F000615,C031,Cabin Crew
F000616,C040,Captain
F000616,C074,First Officer
F000616,C006,Cabin Crew
F000616,C028,Cabin Crew
F000616,C037,Cabin Crew
F000617,C049,Captain
F000617,C052,First Officer
F000617,C021,Cabin Crew
F000617,C064,Cabin Crew
F000617,C068,Cabin Crew
F000618,C072,Captain
F000618,C023,First Officer
F000618,C065,Cabin Crew
F000618,C043,Cabin Crew
F000618,C017,Cabin Crew
F000619,C051,Captain
F000619,C052,First Officer
F000619,C019,Cabin Crew
F000619,C053,Cabin Crew
F000619,C005,Cabin Crew
F000620,C038,Captain
F000620,C076,First Officer
F000620,C005,Cabin Crew
F000620,C032,Cabin Crew
F000620,C019,Cabin Crew
F000621,C008,Captain
F000621,C042,First Officer
F000621,C019,Cabin Crew
F000621,C064,Cabin Crew
F000621,C001,Cabin Crew
F000622,C007,Captain
F000622,C076,First Officer
F000622,C006,Cabin Crew
F000622,C050,Cabin Crew
F000622,C009,Cabin Crew
F000623,C061,Captain
F000623,C054,First Officer
F000623,C066,Cabin Crew
F000623,C048,Cabin Crew
F000623,C017,Cabin Crew
F000624,C030,Captain
F000624,C054,First Officer
F000624,C053,Cabin Crew
F000624,C066,Cabin Crew
F000624,C036,Cabin Crew
F000625,C040,Captain
F000625,C074,First Officer
F000625,C068,Cabin Crew
F000625,C078,Cabin Crew
F000625,C019,Cabin Crew
F000626,C055,Captain
F000626,C067,First Officer
F000626,C047,Cabin Crew
F000626,C059,Cabin Crew
F000626,C010,Cabin Crew
F000627,C072,Captain
F000627,C023,First Officer
F000627,C078,Cabin Crew
F000627,C021,Cabin Crew
F000627,C079,Cabin Crew
F000628,C016,Captain
F000628,C029,First Officer
F000628,C056,Cabin Crew
F000628,C041,Cabin Crew
F000628,C069,Cabin Crew
F000629,C018,Captain
F000629,C015,First Officer
F000629,C021,Cabin Crew
F000629,C032,Cabin Crew
F000629,C079,Cabin Crew
F000630,C002,Captain
F000630,C029,First Officer
F000630,C077,Cabin Crew
F000630,C080,Cabin Crew
F000630,C031,Cabin Crew
F000631,C046,Captain
F000631,C074,First Officer
F000631,C019,Cabin Crew
F000631,C069,Cabin Crew
F000631,C034,Cabin Crew
F000632,C020,Captain
F000632,C022,First Officer
F000632,C031,Cabin Crew
F000632,C032,Cabin Crew
F000632,C027,Cabin Crew
F000633,C040,Captain
F000633,C024,First Officer
F000633,C065,Cabin Crew
F000633,C078,Cabin Crew
F000633,C003,Cabin Crew
F000634,C007,Captain
F000634,C042,First Officer
F000634,C037,Cabin Crew
F000634,C057,Cabin Crew
F000634,C021,Cabin Crew
F000635,C018,Captain
F000635,C033,First Officer
F000635,C059,Cabin Crew
F000635,C005,Cabin Crew
F000635,C068,Cabin Crew
F000636,C026,Captain
F000636,C060,First Officer
F000636,C034,Cabin Crew
F000636,C003,Cabin Crew
F000636,C069,Cabin Crew
F000637,C014,Captain
F000637,C023,First Officer
F000637,C078,Cabin Crew
F000637,C028,Cabin Crew
F000637,C065,Cabin Crew
F000638,C008,Captain
F000638,C075,First Officer
F000638,C017,Cabin Crew
F000638,C027,Cabin Crew
F000638,C005,Cabin Crew
F000639,C016,Captain
F000639,C033,First Officer
F000639,C064,Cabin Crew
F000639,C027,Cabin Crew
F000639,C080,Cabin Crew
F000640,C038,Captain
F000640,C067,First Officer
F000640,C066,Cabin Crew
F000640,C034,Cabin Crew
F000640,C056,Cabin Crew
F000641,C007,Captain
F000641,C052,First Officer
F000641,C071,Cabin Crew
F000641,C041,Cabin Crew
F000641,C043,Cabin Crew
F000642,C046,Captain
F000642,C033,First Officer
F000642,C027,Cabin Crew
F000642,C071,Cabin Crew
F000642,C037,Cabin Crew
F000643,C016,Captain
F000643,C074,First Officer
F000643,C043,Cabin Crew
F000643,C063,Cabin Crew
F000643,C005,Cabin Crew
F000644,C055,Captain
F000644,C039,First Officer
F000644,C010,Cabin Crew
F000644,C080,Cabin Crew
F000644,C043,Cabin Crew
F000645,C046,Captain
F000645,C076,First Officer
F000645,C066,Cabin Crew
F000645,C003,Cabin Crew
F000645,C043,Cabin Crew
F000646,C072,Captain
F000646,C024,First Officer
F000646,C066,Cabin Crew
F000646,C069,Cabin Crew
F000646,C028,Cabin Crew
F000647,C049,Captain
F000647,C052,First Officer
F000647,C045,Cabin Crew
F000647,C021,Cabin Crew
F000647,C056,Cabin Crew
F000648,C002,Captain
F000648,C070,First Officer
F000648,C009,Cabin Crew
F000648,C059,Cabin Crew
F000648,C071,Cabin Crew
F000649,C061,Captain
F000649,C070,First Officer
F000649,C073,Cabin Crew
F000649,C059,Cabin Crew
F000649,C034,Cabin Crew
F000650,C012,Captain
F000650,C023,First Officer
F000650,C017,Cabin Crew
F000650,C045,Cabin Crew
F000650,C031,Cabin Crew
F000651,C016,Captain
F000651,C058,First Officer
F000651,C017,Cabin Crew
F000651,C028,Cabin Crew
F000651,C019,Cabin Crew
F000652,C049,Captain
F000652,C058,First Officer
F000652,C041,Cabin Crew
F000652,C064,Cabin Crew
F000652,C078,Cabin Crew
F000653,C014,Captain
F000653,C022,First Officer
F000653,C077,Cabin Crew
F000653,C073,Cabin Crew
F000653,C028,Cabin Crew
F000654,C004,Captain
F000654,C058,First Officer
F000654,C036,Cabin Crew
F000654,C032,Cabin Crew
F000654,C073,Cabin Crew
F000655,C012,Captain
F000655,C042,First Officer
F000655,C069,Cabin Crew
F000655,C063,Cabin Crew
F000655,C043,Cabin Crew
F000656,C049,Captain
F000656,C067,First Officer
F000656,C034,Cabin Crew
F000656,C028,Cabin Crew
F000656,C078,Cabin Crew
F000657,C040,Captain
F000657,C075,First Officer
F000657,C028,Cabin Crew
F000657,C021,Cabin Crew
F000657,C035,Cabin Crew
F000658,C002,Captain
F000658,C015,First Officer
F000658,C036,Cabin Crew
F000658,C069,Cabin Crew
F000658,C048,Cabin Crew
F000659,C014,Captain
F000659,C033,First Officer
F000659,C034,Cabin Crew
F000659,C064,Cabin Crew
F000659,C037,Cabin Crew
F000660,C030,Captain
F000660,C023,First Officer
F000660,C065,Cabin Crew
F000660,C031,Cabin Crew
F000660,C080,Cabin Crew
F000661,C002,Captain
F000661,C029,First Officer
F000661,C003,Cabin Crew
F000661,C069,Cabin Crew
F000661,C057,Cabin Crew
F000662,C040,Captain
F000662,C074,First Officer
F000662,C077,Cabin Crew
F000662,C057,Cabin Crew
F000662,C080,Cabin Crew
F000663,C040,Captain
F000663,C029,First Officer
F000663,C062,Cabin Crew
F000663,C034,Cabin Crew
F000663,C078,Cabin Crew
F000664,C026,Captain
F000664,C074,First Officer
F000664,C077,Cabin Crew
F000664,C017,Cabin Crew
F000664,C079,Cabin Crew
F000665,C072,Captain
F000665,C076,First Officer
F000665,C066,Cabin Crew
F000665,C041,Cabin Crew
F000665,C068,Cabin Crew
F000666,C014,Captain
F000666,C022,First Officer
F000666,C080,Cabin Crew
F000666,C069,Cabin Crew
F000666,C001,Cabin Crew
F000667,C038,Captain
F000667,C042,First Officer
F000667,C053,Cabin Crew
F000667,C068,Cabin Crew
F000667,C005,Cabin Crew
F000668,C011,Captain
F000668,C058,First Officer
F000668,C021,Cabin Crew
F000668,C053,Cabin Crew
F000668,C028,Cabin Crew
F000669,C007,Captain
F000669,C075,First Officer
F000669,C034,Cabin Crew
F000669,C077,Cabin Crew
F000669,C032,Cabin Crew
F000670,C030,Captain
F000670,C023,First Officer
F000670,C057,Cabin Crew
F000670,C053,Cabin Crew
F000670,C050,Cabin Crew
F000671,C002,Captain
F000671,C074,First Officer
F000671,C017,Cabin Crew
F000671,C032,Cabin Crew
F000671,C041,Cabin Crew
F000672,C012,Captain
F000672,C054,First Officer
F000672,C045,Cabin Crew
F000672,C053,Cabin Crew
F000672,C028,Cabin Crew
F000673,C049,Captain
F000673,C074,First Officer
F000673,C021,Cabin Crew
F000673,C035,Cabin Crew
F000673,C034,Cabin Crew
F000674,C004,Captain
F000674,C054,First Officer
F000674,C009,Cabin Crew
F000674,C071,Cabin Crew
F000674,C037,Cabin Crew
F000675,C040,Captain
F000675,C033,First Officer
F000675,C062,Cabin Crew
F000675,C066,Cabin Crew
F000675,C027,Cabin Crew
F000676,C018,Captain
F000676,C052,First Officer
F000676,C050,Cabin Crew
F000676,C065,Cabin Crew
F000676,C006,Cabin Crew
F000677,C038,Captain
F000677,C039,First Officer
F000677,C005,Cabin Crew
F000677,C041,Cabin Crew
F000677,C031,Cabin Crew
F000678,C014,Captain
F000678,C015,First Officer
F000678,C035,Cabin Crew
F000678,C032,Cabin Crew
F000678,C053,Cabin Crew
F000679,C018,Captain
F000679,C060,First Officer
F000679,C066,Cabin Crew
F000679,C050,Cabin Crew
F000679,C045,Cabin Crew
F000680,C072,Captain
F000680,C013,First Officer
F000680,C009,Cabin Crew
F000680,C071,Cabin Crew
F000680,C057,Cabin Crew
F000681,C020,Captain
F000681,C074,First Officer
F000681,C047,Cabin Crew
F000681,C080,Cabin Crew
F000681,C021,Cabin Crew
F000682,C002,Captain
F000682,C022,First Officer
F000682,C047,Cabin Crew
F000682,C037,Cabin Crew
F000682,C050,Cabin Crew
F000683,C016,Captain
F000683,C070,First Officer
F000683,C050,Cabin Crew
F000683,C064,Cabin Crew
F000683,C073,Cabin Crew
F000684,C030,Captain
F000684,C024,First Officer
F000684,C036,Cabin Crew
F000684,C045,Cabin Crew
F000684,C027,Cabin Crew
F000685,C030,Captain
F000685,C067,First Officer
F000685,C066,Cabin Crew
F000685,C050,Cabin Crew
F000685,C045,Cabin Crew
F000686,C014,Captain
F000686,C070,First Officer
F000686,C078,Cabin Crew
F000686,C041,Cabin Crew
F000686,C069,Cabin Crew
F000687,C055,Captain
F000687,C070,First Officer
F000687,C041,Cabin Crew
F000687,C001,Cabin Crew
F000687,C079,Cabin Crew
F000688,C055,Captain
F000688,C013,First Officer
F000688,C059,Cabin Crew
F000688,C064,Cabin Crew
F000688,C009,Cabin Crew
F000689,C012,Captain
F000689,C029,First Officer
F000689,C028,Cabin Crew
F000689,C017,Cabin Crew
F000689,C059,Cabin Crew
F000690,C002,Captain
F000690,C052,First Officer
F000690,C034,Cabin Crew
F000690,C005,Cabin Crew
F000690,C078,Cabin Crew
F000691,C007,Captain
F000691,C052,First Officer
F000691,C037,Cabin Crew
F000691,C056,Cabin Crew
F000691,C021,Cabin Crew
F000692,C020,Captain
F000692,C052,First Officer
F000692,C001,Cabin Crew
F000692,C041,Cabin Crew
F000692,C036,Cabin Crew
F000693,C038,Captain
F000693,C052,First Officer
F000693,C003,Cabin Crew
F000693,C063,Cabin Crew
F000693,C053,Cabin Crew
F000694,C046,Captain
F000694,C029,First Officer
F000694,C001,Cabin Crew
F000694,C035,Cabin Crew
F000694,C027,Cabin Crew
F000695,C004,Captain
F000695,C074,First Officer
F000695,C064,Cabin Crew
F000695,C005,Cabin Crew
F000695,C045,Cabin Crew
F000696,C026,Captain
F000696,C015,First Officer
F000696,C069,Cabin Crew
F000696,C068,Cabin Crew
F000696,C050,Cabin Crew
F000697,C002,Captain
F000697,C015,First Officer
F000697,C035,Cabin Crew
F000697,C037,Cabin Crew
F000697,C005,Cabin Crew
F000698,C008,Captain
F000698,C029,First Officer
F000698,C041,Cabin Crew
F000698,C005,Cabin Crew
F000698,C065,Cabin Crew
F000699,C018,Captain
F000699,C070,First Officer
F000699,C062,Cabin Crew
F000699,C017,Cabin Crew
F000699,C073,Cabin Crew
F000700,C055,Captain
F000700,C060,First Officer
F000700,C064,Cabin Crew
F000700,C057,Cabin Crew
F000700,C068,Cabin Crew
F000701,C061,Captain
F000701,C029,First Officer
F000701,C048,Cabin Crew
F000701,C063,Cabin Crew
F000701,C047,Cabin Crew
F000702,C046,Captain
F000702,C076,First Officer
F000702,C079,Cabin Crew
F000702,C071,Cabin Crew
F000702,C037,Cabin Crew
F000703,C049,Captain
F000703,C054,First Officer
F000703,C053,Cabin Crew
F000703,C065,Cabin Crew
F000703,C021,Cabin Crew
F000704,C018,Captain
F000704,C023,First Officer
F000704,C064,Cabin Crew
F000704,C031,Cabin Crew
F000704,C005,Cabin Crew
F000705,C018,Captain
F000705,C060,First Officer
F000705,C062,Cabin Crew
F000705,C010,Cabin Crew
F000705,C043,Cabin Crew
F000706,C012,Captain
F000706,C042,First Officer
F000706,C009,Cabin Crew
F000706,C053,Cabin Crew
F000706,C062,Cabin Crew
F000707,C055,Captain
F000707,C029,First Officer
F000707,C073,Cabin Crew
F000707,C059,Cabin Crew
F000707,C050,Cabin Crew
F000708,C007,Captain
F000708,C074,First Officer
F000708,C079,Cabin Crew
F000708,C009,Cabin Crew
F000708,C037,Cabin Crew
F000709,C040,Captain
F000709,C054,First Officer
F000709,C045,Cabin Crew
F000709,C043,Cabin Crew
F000709,C032,Cabin Crew
F000710,C002,Captain
F000710,C022,First Officer
F000710,C059,Cabin Crew
F000710,C034,Cabin Crew
F000710,C036,Cabin Crew
F000711,C012,Captain
F000711,C052,First Officer
F000711,C079,Cabin Crew
F000711,C021,Cabin Crew
F000711,C065,Cabin Crew
F000712,C014,Captain
F000712,C033,First Officer
F000712,C047,Cabin Crew
F000712,C066,Cabin Crew
F000712,C053,Cabin Crew
F000713,C072,Captain
F000713,C025,First Officer
F000713,C041,Cabin Crew
F000713,C009,Cabin Crew
F000713,C043,Cabin Crew
F000714,C016,Captain
F000714,C075,First Officer
F000714,C078,Cabin Crew
F000714,C037,Cabin Crew
F000714,C010,Cabin Crew
F000715,C004,Captain
F000715,C058,First Officer
F000715,C036,Cabin Crew
F000715,C080,Cabin Crew
F000715,C035,Cabin Crew
F000716,C038,Captain
F000716,C039,First Officer
F000716,C059,Cabin Crew
F000716,C037,Cabin Crew
F000716,C066,Cabin Crew
F000717,C055,Captain
F000717,C067,First Officer
F000717,C006,Cabin Crew
F000717,C059,Cabin Crew
F000717,C010,Cabin Crew
F000718,C038,Captain
F000718,C075,First Officer
F000718,C010,Cabin Crew
F000718,C045,Cabin Crew
F000718,C027,Cabin Crew
F000719,C011,Captain
F000719,C024,First Officer
F000719,C064,Cabin Crew
F000719,C078,Cabin Crew
F000719,C056,Cabin Crew
F000720,C002,Captain
F000720,C033,First Officer
F000720,C069,Cabin Crew
F000720,C063,Cabin Crew
F000720,C079,Cabin Crew
F000721,C002,Captain
F000721,C070,First Officer
F000721,C077,Cabin Crew
F000721,C078,Cabin Crew
F000721,C050,Cabin Crew
F000722,C018,Captain
F000722,C044,First Officer
F000722,C062,Cabin Crew
F000722,C071,Cabin Crew
F000722,C037,Cabin Crew
F000723,C030,Captain
F000723,C024,First Officer
F000723,C032,Cabin Crew
F000723,C065,Cabin Crew
F000723,C028,Cabin Crew
F000724,C026,Captain
F000724,C044,First Officer
F000724,C043,Cabin Crew
F000724,C071,Cabin Crew
F000724,C073,Cabin Crew
F000725,C072,Captain
F000725,C076,First Officer
F000725,C019,Cabin Crew
F000725,C048,Cabin Crew
F000725,C078,Cabin Crew
F000726,C049,Captain
F000726,C076,First Officer
F000726,C005,Cabin Crew
F000726,C037,Cabin Crew
F000726,C050,Cabin Crew
F000727,C007,Captain
F000727,C013,First Officer
F000727,C034,Cabin Crew
F000727,C047,Cabin Crew
F000727,C062,Cabin Crew
F000728,C072,Captain
F000728,C070,First Officer
F000728,C063,Cabin Crew
F000728,C071,Cabin Crew
F000728,C056,Cabin Crew
F000729,C051,Captain
F000729,C022,First Officer
F000729,C027,Cabin Crew
F000729,C019,Cabin Crew
F000729,C066,Cabin Crew
F000730,C011,Captain
F000730,C042,First Officer
F000730,C047,Cabin Crew
F000730,C043,Cabin Crew
F000730,C059,Cabin Crew
F000731,C038,Captain
F000731,C070,First Officer
F000731,C032,Cabin Crew
F000731,C048,Cabin Crew
F000731,C057,Cabin Crew
