flight_id,flight_number,aircraft_id,departure_airport_id,arrival_airport_id,scheduled_departure,scheduled_arrival,actual_departure,actual_arrival,delay_minutes,flight_status
F000001,SKY153,AC019,AID013,AID004,2023-01-01 23:46:00,2023-01-02 05:46:00,2023-01-01 23:46:00,2023-01-02 05:46:00,0,On-Time
F000002,SKY140,AC008,AID008,AID001,2023-01-02 08:15:00,2023-01-02 11:15:00,2023-01-02 08:15:00,2023-01-02 11:15:00,0,On-Time
F000003,SKY157,AC013,AID015,AID003,2023-01-03 09:41:00,2023-01-03 17:41:00,2023-01-03 09:41:00,2023-01-03 17:41:00,0,On-Time
F000004,SKY112,AC015,AID002,AID005,2023-01-04 16:55:00,2023-01-05 05:55:00,2023-01-04 16:55:00,2023-01-05 05:55:00,0,On-Time
F000005,SKY117,AC016,AID009,AID007,2023-01-05 21:27:00,2023-01-06 08:27:00,2023-01-05 21:27:00,2023-01-06 08:27:00,0,On-Time
F000006,SKY102,AC013,AID001,AID003,2023-01-06 07:27:00,2023-01-06 17:27:00,2023-01-06 07:27:00,2023-01-06 17:27:00,0,On-Time
F000007,SKY105,AC001,AID001,AID005,2023-01-07 12:29:00,2023-01-07 17:29:00,2023-01-07 12:29:00,2023-01-07 17:29:00,0,On-Time
F000008,SKY136,AC009,AID005,AID002,2023-01-08 21:11:00,2023-01-09 08:11:00,2023-01-08 21:11:00,2023-01-09 08:11:00,0,On-Time
F000009,SKY136,AC015,AID005,AID002,2023-01-09 22:01:00,2023-01-10 09:01:00,2023-01-09 22:01:00,2023-01-10 09:01:00,0,On-Time
F000010,SKY157,AC015,AID015,AID003,2023-01-10 23:34:00,2023-01-11 06:34:00,2023-01-10 23:34:00,2023-01-11 06:34:00,0,On-Time
F000011,SKY102,AC012,AID001,AID003,2023-01-11 18:30:00,2023-01-12 04:30:00,2023-01-11 18:30:00,2023-01-12 04:30:00,0,On-Time
F000012,SKY126,AC017,AID004,AID015,2023-01-12 04:46:00,2023-01-12 10:46:00,2023-01-12 04:46:00,2023-01-12 10:46:00,0,On-Time
F000013,SKY124,AC005,AID004,AID007,2023-01-13 19:22:00,2023-01-14 02:22:00,2023-01-13 19:22:00,2023-01-14 02:22:00,0,On-Time
F000014,SKY136,AC012,AID005,AID002,2023-01-14 19:03:00,2023-01-15 06:03:00,2023-01-14 19:25:00,2023-01-15 06:25:00,22,Delayed
F000015,SKY138,AC008,AID005,AID011,2023-01-15 10:16:00,2023-01-15 13:16:00,2023-01-15 10:16:00,2023-01-15 13:16:00,0,On-Time
F000016,SKY137,AC002,AID005,AID003,2023-01-16 13:08:00,2023-01-16 21:08:00,2023-01-16 13:08:00,2023-01-16 21:08:00,0,On-Time
F000017,SKY154,AC005,AID013,AID006,2023-01-17 09:45:00,2023-01-17 13:45:00,2023-01-17 09:45:00,2023-01-17 13:45:00,0,On-Time
F000018,SKY119,AC010,AID003,AID015,2023-01-18 16:11:00,2023-01-18 23:11:00,2023-01-18 16:11:00,2023-01-18 23:11:00,0,On-Time
F000019,SKY158,AC006,AID015,AID004,2023-01-19 08:32:00,2023-01-19 12:32:00,2023-01-19 08:32:00,2023-01-19 12:32:00,0,On-Time
F000020,SKY114,AC012,AID009,AID002,2023-01-20 15:00:00,2023-01-20 23:00:00,2023-01-20 15:22:00,2023-01-20 23:22:00,22,Delayed
F000021,SKY100,AC013,AID001,AID002,2023-01-21 05:52:00,2023-01-21 19:52:00,2023-01-21 05:52:00,2023-01-21 19:52:00,0,On-Time
F000022,SKY142,AC002,AID008,AID011,2023-01-22 15:54:00,2023-01-22 17:54:00,2023-01-22 15:54:00,2023-01-22 17:54:00,0,On-Time
F000023,SKY134,AC015,AID007,AID013,2023-01-23 17:19:00,2023-01-23 21:19:00,2023-01-23 17:19:00,2023-01-23 21:19:00,0,On-Time
F000024,SKY104,AC018,AID001,AID006,2023-01-24 18:21:00,2023-01-25 07:21:00,2023-01-24 18:35:00,2023-01-25 07:35:00,14,Delayed
F000025,SKY145,AC017,AID011,AID005,2023-01-25 00:46:00,2023-01-25 02:46:00,2023-01-25 00:46:00,2023-01-25 02:46:00,0,On-Time
F000026,SKY111,AC018,AID002,AID008,2023-01-26 03:55:00,2023-01-26 12:55:00,2023-01-26 03:55:00,2023-01-26 12:55:00,0,On-Time
F000027,SKY141,AC003,AID008,AID002,2023-01-27 19:20:00,2023-01-28 06:20:00,2023-01-27 19:20:00,2023-01-28 06:20:00,0,On-Time
F000028,SKY149,AC006,AID014,AID008,2023-01-28 09:55:00,2023-01-28 12:55:00,2023-01-28 09:55:00,2023-01-28 12:55:00,0,On-Time
F000029,SKY160,AC005,AID010,AID003,2023-01-29 00:18:00,2023-01-29 02:18:00,2023-01-29 00:18:00,2023-01-29 02:18:00,0,On-Time
F000030,SKY152,AC008,AID012,AID001,2023-01-30 04:08:00,2023-01-30 16:08:00,2023-01-30 04:08:00,2023-01-30 16:08:00,0,On-Time
F000031,SKY109,AC015,AID002,AID009,2023-01-31 12:18:00,2023-01-31 18:18:00,2023-01-31 13:14:00,2023-01-31 19:14:00,56,Delayed
F000032,SKY132,AC005,AID007,AID004,2023-02-01 18:13:00,2023-02-01 23:13:00,2023-02-01 18:13:00,2023-02-01 23:13:00,0,On-Time
F000033,SKY125,AC018,AID004,AID013,2023-02-02 09:28:00,2023-02-02 13:28:00,2023-02-02 09:28:00,2023-02-02 13:28:00,0,On-Time
F000034,SKY149,AC015,AID014,AID008,2023-02-03 14:25:00,2023-02-03 16:25:00,2023-02-03 14:43:00,2023-02-03 16:43:00,18,Delayed
F000035,SKY137,AC015,AID005,AID003,2023-02-04 20:02:00,2023-02-05 01:02:00,2023-02-04 20:02:00,2023-02-05 01:02:00,0,On-Time
F000036,SKY116,AC015,AID009,AID006,2023-02-05 03:27:00,2023-02-05 17:27:00,2023-02-05 04:21:00,2023-02-05 18:21:00,54,Delayed
F000037,SKY126,AC003,AID004,AID015,2023-02-06 21:03:00,2023-02-07 02:03:00,2023-02-06 21:41:00,2023-02-07 02:41:00,38,Delayed
F000038,SKY116,AC004,AID009,AID006,2023-02-07 16:53:00,2023-02-08 02:53:00,2023-02-07 16:53:00,2023-02-08 02:53:00,0,On-Time
F000039,SKY105,AC011,AID001,AID005,2023-02-08 07:41:00,2023-02-08 13:41:00,2023-02-08 07:41:00,2023-02-08 13:41:00,0,On-Time
F000040,SKY138,AC014,AID005,AID011,2023-02-09 20:23:00,2023-02-09 23:23:00,2023-02-09 20:23:00,2023-02-09 23:23:00,0,On-Time
F000041,SKY149,AC013,AID014,AID008,2023-02-10 08:54:00,2023-02-10 12:54:00,2023-02-10 08:54:00,2023-02-10 12:54:00,0,On-Time
F000042,SKY129,AC001,AID006,AID013,2023-02-11 22:48:00,2023-02-12 01:48:00,2023-02-11 22:48:00,2023-02-12 01:48:00,0,On-Time
F000043,SKY110,AC014,AID002,AID012,2023-02-12 19:53:00,2023-02-12 22:53:00,2023-02-12 19:53:00,2023-02-12 22:53:00,0,On-Time
F000044,SKY111,AC002,AID002,AID008,2023-02-13 12:00:00,2023-02-14 01:00:00,2023-02-13 12:34:00,2023-02-14 01:34:00,34,Delayed
F000045,SKY131,AC014,AID006,AID003,2023-02-14 07:56:00,2023-02-14 16:56:00,2023-02-14 07:56:00,2023-02-14 16:56:00,0,On-Time
F000046,SKY145,AC003,AID011,AID005,2023-02-15 20:44:00,2023-02-15 23:44:00,2023-02-15 20:54:00,2023-02-15 23:54:00,10,Delayed
F000047,SKY136,AC019,AID005,AID002,2023-02-16 09:41:00,2023-02-16 21:41:00,2023-02-16 09:41:00,2023-02-16 21:41:00,0,On-Time
F000048,SKY150,AC012,AID012,AID002,2023-02-17 05:30:00,2023-02-17 09:30:00,2023-02-17 05:30:00,2023-02-17 09:30:00,0,On-Time
F000049,SKY139,AC018,AID005,AID014,2023-02-18 15:34:00,2023-02-18 17:34:00,2023-02-18 15:34:00,2023-02-18 17:34:00,0,On-Time
F000050,SKY143,AC005,AID008,AID014,2023-02-19 19:05:00,2023-02-19 21:05:00,2023-02-19 19:05:00,2023-02-19 21:05:00,0,On-Time
F000051,SKY135,AC005,AID005,AID001,2023-02-20 01:01:00,2023-02-20 07:01:00,2023-02-20 01:01:00,2023-02-20 07:01:00,0,On-Time
F000052,SKY158,AC004,AID015,AID004,2023-02-21 01:38:00,2023-02-21 07:38:00,2023-02-21 01:38:00,2023-02-21 07:38:00,0,On-Time
F000053,SKY126,AC009,AID004,AID015,2023-02-22 00:54:00,2023-02-22 06:54:00,2023-02-22 00:54:00,2023-02-22 06:54:00,0,On-Time
F000054,SKY115,AC010,AID009,AID012,2023-02-23 16:10:00,2023-02-23 23:10:00,2023-02-23 17:04:00,2023-02-24 00:04:00,54,Delayed
F000055,SKY136,AC007,AID005,AID002,2023-02-24 00:16:00,2023-02-24 14:16:00,2023-02-24 00:16:00,2023-02-24 14:16:00,0,On-Time
F000056,SKY158,AC008,AID015,AID004,2023-02-25 08:43:00,2023-02-25 14:43:00,2023-02-25 08:43:00,2023-02-25 14:43:00,0,On-Time
F000057,SKY110,AC002,AID002,AID012,2023-02-26 15:07:00,2023-02-26 18:07:00,2023-02-26 15:07:00,2023-02-26 18:07:00,0,On-Time
F000058,SKY130,AC015,AID006,AID007,2023-02-27 11:19:00,2023-02-27 23:19:00,2023-02-27 11:19:00,2023-02-27 23:19:00,0,On-Time
F000059,SKY140,AC008,AID008,AID001,2023-02-28 09:27:00,2023-02-28 12:27:00,2023-02-28 09:27:00,2023-02-28 12:27:00,0,On-Time
F000060,SKY136,AC007,AID005,AID002,2023-03-01 20:17:00,2023-03-02 08:17:00,2023-03-01 21:00:00,2023-03-02 09:00:00,43,Delayed
F000061,SKY118,AC019,AID003,AID001,2023-03-02 15:23:00,2023-03-02 23:23:00,2023-03-02 15:23:00,2023-03-02 23:23:00,0,On-Time
F000062,SKY151,AC007,AID012,AID009,2023-03-03 21:00:00,2023-03-04 03:00:00,2023-03-03 21:46:00,2023-03-04 03:46:00,46,Delayed
F000063,SKY156,AC011,AID013,AID015,2023-03-04 10:36:00,2023-03-04 14:36:00,2023-03-04 10:36:00,2023-03-04 14:36:00,0,On-Time
F000064,SKY160,AC011,AID010,AID003,2023-03-05 09:15:00,2023-03-05 13:15:00,2023-03-05 09:15:00,2023-03-05 13:15:00,0,On-Time
F000065,SKY108,AC009,AID002,AID001,2023-03-06 05:17:00,2023-03-06 18:17:00,2023-03-06 05:17:00,2023-03-06 18:17:00,0,On-Time
F000066,SKY111,AC015,AID002,AID008,2023-03-07 07:16:00,2023-03-07 18:16:00,2023-03-07 07:16:00,2023-03-07 18:16:00,0,On-Time
F000067,SKY139,AC009,AID005,AID014,2023-03-08 23:22:00,2023-03-09 03:22:00,2023-03-08 23:22:00,2023-03-09 03:22:00,0,On-Time
F000068,SKY147,AC001,AID014,AID001,2023-03-09 19:45:00,2023-03-10 02:45:00,2023-03-09 20:11:00,2023-03-10 03:11:00,26,Delayed
F000069,SKY159,AC017,AID015,AID013,2023-03-10 05:13:00,2023-03-10 13:13:00,2023-03-10 05:13:00,2023-03-10 13:13:00,0,On-Time
F000070,SKY106,AC014,AID001,AID008,2023-03-11 06:00:00,2023-03-11 08:00:00,2023-03-11 06:00:00,2023-03-11 08:00:00,0,On-Time
F000071,SKY140,AC019,AID008,AID001,2023-03-12 19:47:00,2023-03-12 23:47:00,2023-03-12 20:46:00,2023-03-13 00:46:00,59,Delayed
F000072,SKY150,AC014,AID012,AID002,2023-03-13 13:51:00,2023-03-13 17:51:00,2023-03-13 14:41:00,2023-03-13 18:41:00,50,Delayed
F000073,SKY124,AC004,AID004,AID007,2023-03-14 13:21:00,2023-03-14 18:21:00,2023-03-14 13:21:00,2023-03-14 18:21:00,0,On-Time
F000074,SKY146,AC003,AID011,AID014,2023-03-15 14:24:00,2023-03-15 17:24:00,2023-03-15 14:24:00,2023-03-15 17:24:00,0,On-Time
F000075,SKY104,AC010,AID001,AID006,2023-03-16 08:05:00,2023-03-16 22:05:00,2023-03-16 08:05:00,2023-03-16 22:05:00,0,On-Time
F000076,SKY132,AC007,AID007,AID004,2023-03-17 01:54:00,2023-03-17 06:54:00,2023-03-17 01:54:00,2023-03-17 06:54:00,0,On-Time
F000077,SKY144,AC017,AID011,AID001,2023-03-18 16:02:00,2023-03-18 18:02:00,2023-03-18 16:02:00,2023-03-18 18:02:00,0,On-Time
F000078,SKY126,AC016,AID004,AID015,2023-03-19 16:21:00,2023-03-19 21:21:00,2023-03-19 16:21:00,2023-03-19 21:21:00,0,On-Time
F000079,SKY146,AC009,AID011,AID014,2023-03-20 06:51:00,2023-03-20 09:51:00,2023-03-20 06:51:00,2023-03-20 09:51:00,0,On-Time
F000080,SKY107,AC019,AID001,AID011,2023-03-21 21:46:00,2023-03-22 01:46:00,2023-03-21 21:46:00,2023-03-22 01:46:00,0,On-Time
F000081,SKY128,AC016,AID006,AID004,2023-03-22 20:53:00,2023-03-23 01:53:00,2023-03-22 20:53:00,2023-03-23 01:53:00,0,On-Time
F000082,SKY134,AC005,AID007,AID013,2023-03-23 06:51:00,2023-03-23 12:51:00,2023-03-23 06:51:00,2023-03-23 12:51:00,0,On-Time
F000083,SKY125,AC006,AID004,AID013,2023-03-24 03:05:00,2023-03-24 07:05:00,2023-03-24 03:05:00,2023-03-24 07:05:00,0,On-Time
F000084,SKY116,AC014,AID009,AID006,2023-03-25 07:21:00,2023-03-25 18:21:00,2023-03-25 07:21:00,2023-03-25 18:21:00,0,On-Time
F000085,SKY155,AC019,AID013,AID007,2023-03-26 18:58:00,2023-03-26 23:58:00,2023-03-26 18:58:00,2023-03-26 23:58:00,0,On-Time
F000086,SKY144,AC014,AID011,AID001,2023-03-27 09:55:00,2023-03-27 13:55:00,2023-03-27 09:55:00,2023-03-27 13:55:00,0,On-Time
F000087,SKY143,AC019,AID008,AID014,2023-03-28 05:17:00,2023-03-28 08:17:00,2023-03-28 05:17:00,2023-03-28 08:17:00,0,On-Time
F000088,SKY117,AC014,AID009,AID007,2023-03-29 00:38:00,2023-03-29 11:38:00,2023-03-29 00:38:00,2023-03-29 11:38:00,0,On-Time
F000089,SKY127,AC015,AID004,AID003,2023-03-30 14:38:00,2023-03-30 22:38:00,2023-03-30 14:38:00,2023-03-30 22:38:00,0,On-Time
F000090,SKY157,AC007,AID015,AID003,2023-03-31 09:47:00,2023-03-31 13:47:00,2023-03-31 09:47:00,2023-03-31 13:47:00,0,On-Time
F000091,SKY106,AC013,AID001,AID008,2023-04-01 06:33:00,2023-04-01 10:33:00,2023-04-01 06:33:00,2023-04-01 10:33:00,0,On-Time
F000092,SKY106,AC014,AID001,AID008,2023-04-02 02:02:00,2023-04-02 05:02:00,2023-04-02 02:27:00,2023-04-02 05:27:00,25,Delayed
F000093,SKY125,AC004,AID004,AID013,2023-04-03 20:07:00,2023-04-04 01:07:00,2023-04-03 20:07:00,2023-04-04 01:07:00,0,On-Time
F000094,SKY148,AC013,AID014,AID005,2023-04-04 14:32:00,2023-04-04 16:32:00,2023-04-04 14:32:00,2023-04-04 16:32:00,0,On-Time
F000095,SKY141,AC011,AID008,AID002,2023-04-05 16:31:00,2023-04-06 02:31:00,2023-04-05 16:31:00,2023-04-06 02:31:00,0,On-Time
F000096,SKY141,AC019,AID008,AID002,2023-04-06 18:39:00,2023-04-07 06:39:00,2023-04-06 18:39:00,2023-04-07 06:39:00,0,On-Time
F000097,SKY128,AC012,AID006,AID004,2023-04-07 23:20:00,2023-04-08 06:20:00,2023-04-07 23:20:00,2023-04-08 06:20:00,0,On-Time
F000098,SKY114,AC005,AID009,AID002,2023-04-08 04:45:00,2023-04-08 09:45:00,2023-04-08 04:45:00,2023-04-08 09:45:00,0,On-Time
F000099,SKY122,AC010,AID003,AID004,2023-04-09 21:09:00,2023-04-10 05:09:00,2023-04-09 22:01:00,2023-04-10 06:01:00,52,Delayed
F000100,SKY107,AC010,AID001,AID011,2023-04-10 07:27:00,2023-04-10 10:27:00,2023-04-10 07:27:00,2023-04-10 10:27:00,0,On-Time
F000101,SKY112,AC004,AID002,AID005,2023-04-11 23:25:00,2023-04-12 07:25:00,2023-04-11 23:25:00,2023-04-12 07:25:00,0,On-Time
F000102,SKY160,AC012,AID010,AID003,2023-04-12 05:19:00,2023-04-12 07:19:00,2023-04-12 05:19:00,2023-04-12 07:19:00,0,On-Time
F000103,SKY101,AC013,AID001,AID009,2023-04-13 22:20:00,2023-04-14 08:20:00,2023-04-13 22:30:00,2023-04-14 08:30:00,10,Delayed
F000104,SKY111,AC018,AID002,AID008,2023-04-14 23:50:00,2023-04-15 12:50:00,2023-04-14 23:50:00,2023-04-15 12:50:00,0,On-Time
F000105,SKY112,AC019,AID002,AID005,2023-04-15 22:59:00,2023-04-16 09:59:00,2023-04-15 23:29:00,2023-04-16 10:29:00,30,Delayed
F000106,SKY127,AC001,AID004,AID003,2023-04-16 12:49:00,2023-04-16 20:49:00,2023-04-16 12:49:00,2023-04-16 20:49:00,0,On-Time
F000107,SKY120,AC018,AID003,AID010,2023-04-17 03:26:00,2023-04-17 05:26:00,2023-04-17 03:26:00,2023-04-17 05:26:00,0,On-Time
F000108,SKY125,AC005,AID004,AID013,2023-04-18 14:07:00,2023-04-18 20:07:00,2023-04-18 14:18:00,2023-04-18 20:18:00,11,Delayed
F000109,SKY146,AC001,AID011,AID014,2023-04-19 01:14:00,2023-04-19 04:14:00,2023-04-19 01:14:00,2023-04-19 04:14:00,0,On-Time
F000110,SKY109,AC007,AID002,AID009,2023-04-20 16:57:00,2023-04-20 21:57:00,2023-04-20 16:57:00,2023-04-20 21:57:00,0,On-Time
F000111,SKY147,AC011,AID014,AID001,2023-04-21 06:57:00,2023-04-21 14:57:00,2023-04-21 06:57:00,2023-04-21 14:57:00,0,On-Time
F000112,SKY125,AC004,AID004,AID013,2023-04-22 08:14:00,2023-04-22 12:14:00,2023-04-22 08:14:00,2023-04-22 12:14:00,0,On-Time
F000113,SKY111,AC010,AID002,AID008,2023-04-23 10:47:00,2023-04-23 19:47:00,2023-04-23 10:47:00,2023-04-23 19:47:00,0,On-Time
F000114,SKY120,AC009,AID003,AID010,2023-04-24 06:53:00,2023-04-24 08:53:00,2023-04-24 07:08:00,2023-04-24 09:08:00,15,Delayed
F000115,SKY110,AC019,AID002,AID012,2023-04-25 04:01:00,2023-04-25 07:01:00,2023-04-25 04:01:00,2023-04-25 07:01:00,0,On-Time
F000116,SKY128,AC007,AID006,AID004,2023-04-26 08:35:00,2023-04-26 14:35:00,2023-04-26 09:35:00,2023-04-26 15:35:00,60,Delayed
F000117,SKY116,AC018,AID009,AID006,2023-04-27 19:29:00,2023-04-28 05:29:00,2023-04-27 19:29:00,2023-04-28 05:29:00,0,On-Time
F000118,SKY158,AC010,AID015,AID004,2023-04-28 08:13:00,2023-04-28 12:13:00,2023-04-28 08:13:00,2023-04-28 12:13:00,0,On-Time
F000119,SKY118,AC010,AID003,AID001,2023-04-29 05:52:00,2023-04-29 17:52:00,2023-04-29 05:52:00,2023-04-29 17:52:00,0,On-Time
F000120,SKY106,AC018,AID001,AID008,2023-04-30 02:37:00,2023-04-30 04:37:00,2023-04-30 02:49:00,2023-04-30 04:49:00,12,Delayed
F000121,SKY153,AC007,AID013,AID004,2023-05-01 04:27:00,2023-05-01 08:27:00,2023-05-01 04:27:00,2023-05-01 08:27:00,0,On-Time
F000122,SKY151,AC016,AID012,AID009,2023-05-02 02:30:00,2023-05-02 09:30:00,2023-05-02 02:30:00,2023-05-02 09:30:00,0,On-Time
F000123,SKY148,AC017,AID014,AID005,2023-05-03 04:32:00,2023-05-03 06:32:00,2023-05-03 04:51:00,2023-05-03 06:51:00,19,Delayed
F000124,SKY105,AC017,AID001,AID005,2023-05-04 17:40:00,2023-05-05 00:40:00,2023-05-04 17:40:00,2023-05-05 00:40:00,0,On-Time
F000125,SKY100,AC011,AID001,AID002,2023-05-05 00:06:00,2023-05-05 10:06:00,2023-05-05 00:06:00,2023-05-05 10:06:00,0,On-Time
F000126,SKY133,AC004,AID007,AID006,2023-05-06 14:48:00,2023-05-07 03:48:00,2023-05-06 15:09:00,2023-05-07 04:09:00,21,Delayed
F000127,SKY101,AC014,AID001,AID009,2023-05-07 06:51:00,2023-05-07 14:51:00,2023-05-07 06:51:00,2023-05-07 14:51:00,0,On-Time
F000128,SKY120,AC018,AID003,AID010,2023-05-08 22:14:00,2023-05-09 01:14:00,2023-05-08 22:14:00,2023-05-09 01:14:00,0,On-Time
F000129,SKY109,AC008,AID002,AID009,2023-05-09 22:51:00,2023-05-10 05:51:00,2023-05-09 22:51:00,2023-05-10 05:51:00,0,On-Time
F000130,SKY128,AC011,AID006,AID004,2023-05-10 21:08:00,2023-05-11 01:08:00,2023-05-10 21:08:00,2023-05-11 01:08:00,0,On-Time
F000131,SKY130,AC006,AID006,AID007,2023-05-11 14:50:00,2023-05-12 00:50:00,2023-05-11 14:50:00,2023-05-12 00:50:00,0,On-Time
F000132,SKY134,AC001,AID007,AID013,2023-05-12 20:56:00,2023-05-13 02:56:00,2023-05-12 21:44:00,2023-05-13 03:44:00,48,Delayed
F000133,SKY160,AC016,AID010,AID003,2023-05-13 07:07:00,2023-05-13 09:07:00,2023-05-13 07:07:00,2023-05-13 09:07:00,0,On-Time
F000134,SKY132,AC019,AID007,AID004,2023-05-14 06:36:00,2023-05-14 13:36:00,2023-05-14 07:34:00,2023-05-14 14:34:00,58,Delayed
F000135,SKY153,AC005,AID013,AID004,2023-05-15 01:45:00,2023-05-15 06:45:00,2023-05-15 01:45:00,2023-05-15 06:45:00,0,On-Time
F000136,SKY160,AC009,AID010,AID003,2023-05-16 01:15:00,2023-05-16 04:15:00,2023-05-16 01:15:00,2023-05-16 04:15:00,0,On-Time
F000137,SKY104,AC010,AID001,AID006,2023-05-17 20:06:00,2023-05-18 10:06:00,2023-05-17 20:06:00,2023-05-18 10:06:00,0,On-Time
F000138,SKY105,AC017,AID001,AID005,2023-05-18 16:50:00,2023-05-19 00:50:00,2023-05-18 16:50:00,2023-05-19 00:50:00,0,On-Time
F000139,SKY144,AC006,AID011,AID001,2023-05-19 03:06:00,2023-05-19 05:06:00,2023-05-19 03:06:00,2023-05-19 05:06:00,0,On-Time
F000140,SKY147,AC004,AID014,AID001,2023-05-20 13:54:00,2023-05-20 18:54:00,2023-05-20 13:54:00,2023-05-20 18:54:00,0,On-Time
F000141,SKY118,AC019,AID003,AID001,2023-05-21 09:23:00,2023-05-21 18:23:00,2023-05-21 09:23:00,2023-05-21 18:23:00,0,On-Time
F000142,SKY144,AC012,AID011,AID001,2023-05-22 09:20:00,2023-05-22 12:20:00,2023-05-22 09:20:00,2023-05-22 12:20:00,0,On-Time
F000143,SKY119,AC007,AID003,AID015,2023-05-23 16:31:00,2023-05-23 23:31:00,2023-05-23 17:05:00,2023-05-24 00:05:00,34,Delayed
F000144,SKY119,AC017,AID003,AID015,2023-05-24 22:03:00,2023-05-25 02:03:00,2023-05-24 22:03:00,2023-05-25 02:03:00,0,On-Time
F000145,SKY114,AC003,AID009,AID002,2023-05-25 03:02:00,2023-05-25 09:02:00,2023-05-25 03:02:00,2023-05-25 09:02:00,0,On-Time
F000146,SKY134,AC015,AID007,AID013,2023-05-26 05:57:00,2023-05-26 09:57:00,2023-05-26 05:57:00,2023-05-26 09:57:00,0,On-Time
F000147,SKY107,AC019,AID001,AID011,2023-05-27 22:49:00,2023-05-28 00:49:00,2023-05-27 22:49:00,2023-05-28 00:49:00,0,On-Time
F000148,SKY130,AC004,AID006,AID007,2023-05-28 17:13:00,2023-05-29 03:13:00,2023-05-28 17:13:00,2023-05-29 03:13:00,0,On-Time
F000149,SKY130,AC011,AID006,AID007,2023-05-29 05:28:00,2023-05-29 17:28:00,2023-05-29 05:28:00,2023-05-29 17:28:00,0,On-Time
F000150,SKY116,AC007,AID009,AID006,2023-05-30 00:40:00,2023-05-30 14:40:00,2023-05-30 00:40:00,2023-05-30 14:40:00,0,On-Time
F000151,SKY146,AC003,AID011,AID014,2023-05-31 21:50:00,2023-06-01 00:50:00,2023-05-31 22:20:00,2023-06-01 01:20:00,30,Delayed
F000152,SKY124,AC005,AID004,AID007,2023-06-01 07:32:00,2023-06-01 12:32:00,2023-06-01 07:32:00,2023-06-01 12:32:00,0,On-Time
F000153,SKY140,AC015,AID008,AID001,2023-06-02 20:47:00,2023-06-02 23:47:00,2023-06-02 20:47:00,2023-06-02 23:47:00,0,On-Time
F000154,SKY106,AC019,AID001,AID008,2023-06-03 19:11:00,2023-06-03 22:11:00,2023-06-03 19:11:00,2023-06-03 22:11:00,0,On-Time
F000155,SKY105,AC006,AID001,AID005,2023-06-04 11:14:00,2023-06-04 19:14:00,2023-06-04 11:14:00,2023-06-04 19:14:00,0,On-Time
F000156,SKY142,AC005,AID008,AID011,2023-06-05 05:37:00,2023-06-05 09:37:00,2023-06-05 05:37:00,2023-06-05 09:37:00,0,On-Time
F000157,SKY130,AC001,AID006,AID007,2023-06-06 08:45:00,2023-06-06 21:45:00,2023-06-06 09:21:00,2023-06-06 22:21:00,36,Delayed
F000158,SKY131,AC013,AID006,AID003,2023-06-07 15:51:00,2023-06-07 23:51:00,2023-06-07 15:51:00,2023-06-07 23:51:00,0,On-Time
F000159,SKY104,AC017,AID001,AID006,2023-06-08 02:42:00,2023-06-08 11:42:00,2023-06-08 02:42:00,2023-06-08 11:42:00,0,On-Time
F000160,SKY143,AC016,AID008,AID014,2023-06-09 14:06:00,2023-06-09 18:06:00,2023-06-09 14:06:00,2023-06-09 18:06:00,0,On-Time
F000161,SKY142,AC007,AID008,AID011,2023-06-10 05:48:00,2023-06-10 07:48:00,2023-06-10 06:28:00,2023-06-10 08:28:00,40,Delayed
F000162,SKY105,AC014,AID001,AID005,2023-06-11 23:44:00,2023-06-12 03:44:00,2023-06-11 23:44:00,2023-06-12 03:44:00,0,On-Time
F000163,SKY118,AC008,AID003,AID001,2023-06-12 12:18:00,2023-06-13 02:18:00,2023-06-12 12:18:00,2023-06-13 02:18:00,0,On-Time
F000164,SKY129,AC015,AID006,AID013,2023-06-13 16:06:00,2023-06-13 18:06:00,2023-06-13 16:06:00,2023-06-13 18:06:00,0,On-Time
F000165,SKY154,AC010,AID013,AID006,2023-06-14 23:08:00,2023-06-15 01:08:00,2023-06-14 23:08:00,2023-06-15 01:08:00,0,On-Time
F000166,SKY137,AC001,AID005,AID003,2023-06-15 06:34:00,2023-06-15 10:34:00,2023-06-15 06:34:00,2023-06-15 10:34:00,0,On-Time
F000167,SKY118,AC002,AID003,AID001,2023-06-16 05:54:00,2023-06-16 14:54:00,2023-06-16 05:54:00,2023-06-16 14:54:00,0,On-Time
F000168,SKY117,AC002,AID009,AID007,2023-06-17 12:18:00,2023-06-18 02:18:00,2023-06-17 12:55:00,2023-06-18 02:55:00,37,Delayed
F000169,SKY159,AC005,AID015,AID013,2023-06-18 14:01:00,2023-06-18 20:01:00,2023-06-18 14:01:00,2023-06-18 20:01:00,0,On-Time
F000170,SKY106,AC019,AID001,AID008,2023-06-19 03:15:00,2023-06-19 05:15:00,2023-06-19 03:15:00,2023-06-19 05:15:00,0,On-Time
F000171,SKY106,AC010,AID001,AID008,2023-06-20 12:45:00,2023-06-20 15:45:00,2023-06-20 12:45:00,2023-06-20 15:45:00,0,On-Time
F000172,SKY154,AC019,AID013,AID006,2023-06-21 10:54:00,2023-06-21 12:54:00,2023-06-21 10:54:00,2023-06-21 12:54:00,0,On-Time
F000173,SKY115,AC009,AID009,AID012,2023-06-22 20:31:00,2023-06-23 02:31:00,2023-06-22 20:31:00,2023-06-23 02:31:00,0,On-Time
F000174,SKY154,AC006,AID013,AID006,2023-06-23 03:00:00,2023-06-23 05:00:00,2023-06-23 03:00:00,2023-06-23 05:00:00,0,On-Time
F000175,SKY130,AC009,AID006,AID007,2023-06-24 10:51:00,2023-06-24 19:51:00,2023-06-24 10:51:00,2023-06-24 19:51:00,0,On-Time
F000176,SKY127,AC017,AID004,AID003,2023-06-25 00:58:00,2023-06-25 05:58:00,2023-06-25 00:58:00,2023-06-25 05:58:00,0,On-Time
F000177,SKY114,AC014,AID009,AID002,2023-06-26 07:27:00,2023-06-26 11:27:00,2023-06-26 07:27:00,2023-06-26 11:27:00,0,On-Time
F000178,SKY124,AC006,AID004,AID007,2023-06-27 03:34:00,2023-06-27 10:34:00,2023-06-27 04:26:00,2023-06-27 11:26:00,52,Delayed
F000179,SKY112,AC014,AID002,AID005,2023-06-28 06:45:00,2023-06-28 18:45:00,2023-06-28 06:45:00,2023-06-28 18:45:00,0,On-Time
F000180,SKY151,AC005,AID012,AID009,2023-06-29 20:34:00,2023-06-30 01:34:00,2023-06-29 20:44:00,2023-06-30 01:44:00,10,Delayed
F000181,SKY146,AC019,AID011,AID014,2023-06-30 16:31:00,2023-06-30 20:31:00,2023-06-30 16:31:00,2023-06-30 20:31:00,0,On-Time
F000182,SKY158,AC013,AID015,AID004,2023-07-01 07:03:00,2023-07-01 12:03:00,2023-07-01 07:03:00,2023-07-01 12:03:00,0,On-Time
F000183,SKY130,AC002,AID006,AID007,2023-07-02 22:37:00,2023-07-03 08:37:00,2023-07-02 22:37:00,2023-07-03 08:37:00,0,On-Time
F000184,SKY150,AC009,AID012,AID002,2023-07-03 10:33:00,2023-07-03 12:33:00,2023-07-03 10:33:00,2023-07-03 12:33:00,0,On-Time
F000185,SKY102,AC011,AID001,AID003,2023-07-04 05:45:00,2023-07-04 15:45:00,2023-07-04 05:45:00,2023-07-04 15:45:00,0,On-Time
F000186,SKY151,AC019,AID012,AID009,2023-07-05 15:23:00,2023-07-05 21:23:00,2023-07-05 15:23:00,2023-07-05 21:23:00,0,On-Time
F000187,SKY137,AC004,AID005,AID003,2023-07-06 07:43:00,2023-07-06 11:43:00,2023-07-06 07:43:00,2023-07-06 11:43:00,0,On-Time
F000188,SKY138,AC010,AID005,AID011,2023-07-07 09:26:00,2023-07-07 11:26:00,2023-07-07 09:26:00,2023-07-07 11:26:00,0,On-Time
F000189,SKY110,AC019,AID002,AID012,2023-07-08 10:44:00,2023-07-08 14:44:00,2023-07-08 10:54:00,2023-07-08 14:54:00,10,Delayed
F000190,SKY122,AC008,AID003,AID004,2023-07-09 09:44:00,2023-07-09 13:44:00,2023-07-09 09:44:00,2023-07-09 13:44:00,0,On-Time
F000191,SKY127,AC005,AID004,AID003,2023-07-10 07:00:00,2023-07-10 11:00:00,2023-07-10 07:00:00,2023-07-10 11:00:00,0,On-Time
F000192,SKY143,AC003,AID008,AID014,2023-07-11 12:09:00,2023-07-11 14:09:00,2023-07-11 12:09:00,2023-07-11 14:09:00,0,On-Time
F000193,SKY121,AC005,AID003,AID006,2023-07-12 13:48:00,2023-07-13 00:48:00,2023-07-12 13:48:00,2023-07-13 00:48:00,0,On-Time
F000194,SKY148,AC015,AID014,AID005,2023-07-13 07:03:00,2023-07-13 10:03:00,2023-07-13 07:03:00,2023-07-13 10:03:00,0,On-Time
F000195,SKY129,AC016,AID006,AID013,2023-07-14 01:27:00,2023-07-14 04:27:00,2023-07-14 01:27:00,2023-07-14 04:27:00,0,On-Time
F000196,SKY125,AC018,AID004,AID013,2023-07-15 12:28:00,2023-07-15 18:28:00,2023-07-15 12:44:00,2023-07-15 18:44:00,16,Delayed
F000197,SKY156,AC013,AID013,AID015,2023-07-16 16:31:00,2023-07-16 23:31:00,2023-07-16 16:31:00,2023-07-16 23:31:00,0,On-Time
F000198,SKY148,AC004,AID014,AID005,2023-07-17 05:58:00,2023-07-17 09:58:00,2023-07-17 05:58:00,2023-07-17 09:58:00,0,On-Time
F000199,SKY102,AC014,AID001,AID003,2023-07-18 05:18:00,2023-07-18 18:18:00,2023-07-18 05:18:00,2023-07-18 18:18:00,0,On-Time
F000200,SKY139,AC016,AID005,AID014,2023-07-19 08:43:00,2023-07-19 10:43:00,2023-07-19 09:37:00,2023-07-19 11:37:00,54,Delayed
F000201,SKY134,AC007,AID007,AID013,2023-07-20 11:38:00,2023-07-20 16:38:00,2023-07-20 11:38:00,2023-07-20 16:38:00,0,On-Time
F000202,SKY117,AC017,AID009,AID007,2023-07-21 03:22:00,2023-07-21 12:22:00,2023-07-21 03:22:00,2023-07-21 12:22:00,0,On-Time
F000203,SKY154,AC008,AID013,AID006,2023-07-22 16:33:00,2023-07-22 19:33:00,2023-07-22 16:56:00,2023-07-22 19:56:00,23,Delayed
F000204,SKY118,AC005,AID003,AID001,2023-07-23 00:12:00,2023-07-23 12:12:00,2023-07-23 00:12:00,2023-07-23 12:12:00,0,On-Time
F000205,SKY137,AC007,AID005,AID003,2023-07-24 02:02:00,2023-07-24 06:02:00,2023-07-24 02:17:00,2023-07-24 06:17:00,15,Delayed
F000206,SKY145,AC014,AID011,AID005,2023-07-25 11:05:00,2023-07-25 13:05:00,2023-07-25 11:05:00,2023-07-25 13:05:00,0,On-Time
F000207,SKY126,AC005,AID004,AID015,2023-07-26 15:44:00,2023-07-26 22:44:00,2023-07-26 15:44:00,2023-07-26 22:44:00,0,On-Time
F000208,SKY118,AC003,AID003,AID001,2023-07-27 00:40:00,2023-07-27 10:40:00,2023-07-27 00:40:00,2023-07-27 10:40:00,0,On-Time
F000209,SKY122,AC008,AID003,AID004,2023-07-28 08:42:00,2023-07-28 14:42:00,2023-07-28 08:42:00,2023-07-28 14:42:00,0,On-Time
F000210,SKY115,AC013,AID009,AID012,2023-07-29 17:57:00,2023-07-29 23:57:00,2023-07-29 17:57:00,2023-07-29 23:57:00,0,On-Time
F000211,SKY124,AC011,AID004,AID007,2023-07-30 08:39:00,2023-07-30 14:39:00,2023-07-30 08:39:00,2023-07-30 14:39:00,0,On-Time
F000212,SKY104,AC016,AID001,AID006,2023-07-31 02:59:00,2023-07-31 10:59:00,2023-07-31 02:59:00,2023-07-31 10:59:00,0,On-Time
F000213,SKY116,AC005,AID009,AID006,2023-08-01 04:38:00,2023-08-01 14:38:00,2023-08-01 04:38:00,2023-08-01 14:38:00,0,On-Time
F000214,SKY109,AC013,AID002,AID009,2023-08-02 02:17:00,2023-08-02 07:17:00,2023-08-02 02:46:00,2023-08-02 07:46:00,29,Delayed
F000215,SKY137,AC001,AID005,AID003,2023-08-03 05:17:00,2023-08-03 11:17:00,2023-08-03 05:17:00,2023-08-03 11:17:00,0,On-Time
F000216,SKY142,AC018,AID008,AID011,2023-08-04 23:55:00,2023-08-05 02:55:00,2023-08-04 23:55:00,2023-08-05 02:55:00,0,On-Time
F000217,SKY149,AC019,AID014,AID008,2023-08-05 02:22:00,2023-08-05 05:22:00,2023-08-05 03:18:00,2023-08-05 06:18:00,56,Delayed
F000218,SKY109,AC002,AID002,AID009,2023-08-06 17:59:00,2023-08-07 00:59:00,2023-08-06 17:59:00,2023-08-07 00:59:00,0,On-Time
F000219,SKY116,AC006,AID009,AID006,2023-08-07 08:53:00,2023-08-07 20:53:00,2023-08-07 08:53:00,2023-08-07 20:53:00,0,On-Time
F000220,SKY155,AC001,AID013,AID007,2023-08-08 09:21:00,2023-08-08 16:21:00,2023-08-08 09:21:00,2023-08-08 16:21:00,0,On-Time
F000221,SKY104,AC007,AID001,AID006,2023-08-09 09:00:00,2023-08-09 22:00:00,2023-08-09 09:49:00,2023-08-09 22:49:00,49,Delayed
F000222,SKY107,AC019,AID001,AID011,2023-08-10 05:25:00,2023-08-10 09:25:00,2023-08-10 06:04:00,2023-08-10 10:04:00,39,Delayed
F000223,SKY145,AC011,AID011,AID005,2023-08-11 09:02:00,2023-08-11 12:02:00,2023-08-11 09:16:00,2023-08-11 12:16:00,14,Delayed
F000224,SKY110,AC014,AID002,AID012,2023-08-12 17:32:00,2023-08-12 20:32:00,2023-08-12 17:32:00,2023-08-12 20:32:00,0,On-Time
F000225,SKY129,AC002,AID006,AID013,2023-08-13 23:35:00,2023-08-14 03:35:00,2023-08-13 23:35:00,2023-08-14 03:35:00,0,On-Time
F000226,SKY124,AC012,AID004,AID007,2023-08-14 02:02:00,2023-08-14 06:02:00,2023-08-14 02:02:00,2023-08-14 06:02:00,0,On-Time
F000227,SKY142,AC004,AID008,AID011,2023-08-15 09:45:00,2023-08-15 13:45:00,2023-08-15 09:45:00,2023-08-15 13:45:00,0,On-Time
F000228,SKY101,AC002,AID001,AID009,2023-08-16 15:02:00,2023-08-17 03:02:00,2023-08-16 15:24:00,2023-08-17 03:24:00,22,Delayed
F000229,SKY123,AC008,AID004,AID006,2023-08-17 17:12:00,2023-08-17 21:12:00,2023-08-17 17:12:00,2023-08-17 21:12:00,0,On-Time
F000230,SKY159,AC006,AID015,AID013,2023-08-18 14:23:00,2023-08-18 19:23:00,2023-08-18 14:23:00,2023-08-18 19:23:00,0,On-Time
F000231,SKY147,AC019,AID014,AID001,2023-08-19 10:25:00,2023-08-19 14:25:00,2023-08-19 10:25:00,2023-08-19 14:25:00,0,On-Time
F000232,SKY156,AC003,AID013,AID015,2023-08-20 14:01:00,2023-08-20 21:01:00,2023-08-20 14:01:00,2023-08-20 21:01:00,0,On-Time
F000233,SKY140,AC006,AID008,AID001,2023-08-21 20:02:00,2023-08-22 00:02:00,2023-08-21 20:02:00,2023-08-22 00:02:00,0,On-Time
F000234,SKY153,AC004,AID013,AID004,2023-08-22 03:23:00,2023-08-22 07:23:00,2023-08-22 03:23:00,2023-08-22 07:23:00,0,On-Time
F000235,SKY157,AC007,AID015,AID003,2023-08-23 13:04:00,2023-08-23 20:04:00,2023-08-23 13:04:00,2023-08-23 20:04:00,0,On-Time
F000236,SKY143,AC012,AID008,AID014,2023-08-24 22:21:00,2023-08-25 02:21:00,2023-08-24 22:21:00,2023-08-25 02:21:00,0,On-Time
F000237,SKY149,AC006,AID014,AID008,2023-08-25 16:29:00,2023-08-25 19:29:00,2023-08-25 16:50:00,2023-08-25 19:50:00,21,Delayed
F000238,SKY153,AC019,AID013,AID004,2023-08-26 17:58:00,2023-08-27 01:58:00,2023-08-26 17:58:00,2023-08-27 01:58:00,0,On-Time
F000239,SKY126,AC017,AID004,AID015,2023-08-27 22:38:00,2023-08-28 05:38:00,2023-08-27 22:38:00,2023-08-28 05:38:00,0,On-Time
F000240,SKY111,AC003,AID002,AID008,2023-08-28 13:18:00,2023-08-28 23:18:00,2023-08-28 13:18:00,2023-08-28 23:18:00,0,On-Time
F000241,SKY156,AC011,AID013,AID015,2023-08-29 19:19:00,2023-08-30 03:19:00,2023-08-29 19:32:00,2023-08-30 03:32:00,13,Delayed
F000242,SKY109,AC010,AID002,AID009,2023-08-30 16:24:00,2023-08-31 00:24:00,2023-08-30 17:17:00,2023-08-31 01:17:00,53,Delayed
F000243,SKY146,AC010,AID011,AID014,2023-08-31 07:00:00,2023-08-31 11:00:00,2023-08-31 07:00:00,2023-08-31 11:00:00,0,On-Time
F000244,SKY122,AC016,AID003,AID004,2023-09-01 22:04:00,2023-09-02 05:04:00,2023-09-01 22:04:00,2023-09-02 05:04:00,0,On-Time
F000245,SKY101,AC013,AID001,AID009,2023-09-02 15:44:00,2023-09-03 02:44:00,2023-09-02 15:44:00,2023-09-03 02:44:00,0,On-Time
F000246,SKY110,AC009,AID002,AID012,2023-09-03 02:28:00,2023-09-03 04:28:00,2023-09-03 02:28:00,2023-09-03 04:28:00,0,On-Time
F000247,SKY148,AC019,AID014,AID005,2023-09-04 23:49:00,2023-09-05 02:49:00,2023-09-05 00:46:00,2023-09-05 03:46:00,57,Delayed
F000248,SKY103,AC015,AID001,AID004,2023-09-05 22:09:00,2023-09-06 07:09:00,2023-09-05 22:09:00,2023-09-06 07:09:00,0,On-Time
F000249,SKY107,AC014,AID001,AID011,2023-09-06 14:16:00,2023-09-06 16:16:00,2023-09-06 14:16:00,2023-09-06 16:16:00,0,On-Time
F000250,SKY140,AC014,AID008,AID001,2023-09-07 02:16:00,2023-09-07 04:16:00,2023-09-07 02:16:00,2023-09-07 04:16:00,0,On-Time
F000251,SKY159,AC006,AID015,AID013,2023-09-08 01:32:00,2023-09-08 05:32:00,2023-09-08 01:32:00,2023-09-08 05:32:00,0,On-Time
F000252,SKY135,AC006,AID005,AID001,2023-09-09 03:23:00,2023-09-09 11:23:00,2023-09-09 03:23:00,2023-09-09 11:23:00,0,On-Time
F000253,SKY116,AC018,AID009,AID006,2023-09-10 14:48:00,2023-09-11 02:48:00,2023-09-10 14:48:00,2023-09-11 02:48:00,0,On-Time
F000254,SKY145,AC015,AID011,AID005,2023-09-11 13:41:00,2023-09-11 16:41:00,2023-09-11 13:41:00,2023-09-11 16:41:00,0,On-Time
F000255,SKY100,AC005,AID001,AID002,2023-09-12 14:42:00,2023-09-12 22:42:00,2023-09-12 15:39:00,2023-09-12 23:39:00,57,Delayed
F000256,SKY100,AC001,AID001,AID002,2023-09-13 07:04:00,2023-09-13 21:04:00,2023-09-13 07:04:00,2023-09-13 21:04:00,0,On-Time
F000257,SKY105,AC004,AID001,AID005,2023-09-14 01:06:00,2023-09-14 07:06:00,2023-09-14 01:46:00,2023-09-14 07:46:00,40,Delayed
F000258,SKY102,AC012,AID001,AID003,2023-09-15 06:33:00,2023-09-15 18:33:00,2023-09-15 06:50:00,2023-09-15 18:50:00,17,Delayed
F000259,SKY114,AC019,AID009,AID002,2023-09-16 23:32:00,2023-09-17 05:32:00,2023-09-17 00:14:00,2023-09-17 06:14:00,42,Delayed
F000260,SKY116,AC014,AID009,AID006,2023-09-17 15:16:00,2023-09-18 04:16:00,2023-09-17 15:29:00,2023-09-18 04:29:00,13,Delayed
F000261,SKY146,AC017,AID011,AID014,2023-09-18 15:33:00,2023-09-18 17:33:00,2023-09-18 15:33:00,2023-09-18 17:33:00,0,On-Time
F000262,SKY119,AC017,AID003,AID015,2023-09-19 18:17:00,2023-09-19 22:17:00,2023-09-19 18:33:00,2023-09-19 22:33:00,16,Delayed
F000263,SKY126,AC008,AID004,AID015,2023-09-20 02:37:00,2023-09-20 06:37:00,2023-09-20 02:37:00,2023-09-20 06:37:00,0,On-Time
F000264,SKY125,AC006,AID004,AID013,2023-09-21 06:09:00,2023-09-21 11:09:00,2023-09-21 06:09:00,2023-09-21 11:09:00,0,On-Time
F000265,SKY123,AC013,AID004,AID006,2023-09-22 11:54:00,2023-09-22 15:54:00,2023-09-22 11:54:00,2023-09-22 15:54:00,0,On-Time
F000266,SKY109,AC002,AID002,AID009,2023-09-23 00:36:00,2023-09-23 07:36:00,2023-09-23 01:03:00,2023-09-23 08:03:00,27,Delayed
F000267,SKY109,AC001,AID002,AID009,2023-09-24 17:13:00,2023-09-24 23:13:00,2023-09-24 18:08:00,2023-09-25 00:08:00,55,Delayed
F000268,SKY139,AC012,AID005,AID014,2023-09-25 23:37:00,2023-09-26 01:37:00,2023-09-25 23:37:00,2023-09-26 01:37:00,0,On-Time
F000269,SKY107,AC016,AID001,AID011,2023-09-26 14:55:00,2023-09-26 17:55:00,2023-09-26 15:20:00,2023-09-26 18:20:00,25,Delayed
F000270,SKY112,AC005,AID002,AID005,2023-09-27 04:02:00,2023-09-27 18:02:00,2023-09-27 04:02:00,2023-09-27 18:02:00,0,On-Time
F000271,SKY108,AC009,AID002,AID001,2023-09-28 17:25:00,2023-09-29 02:25:00,2023-09-28 17:25:00,2023-09-29 02:25:00,0,On-Time
F000272,SKY127,AC018,AID004,AID003,2023-09-29 06:30:00,2023-09-29 13:30:00,2023-09-29 06:30:00,2023-09-29 13:30:00,0,On-Time
F000273,SKY119,AC010,AID003,AID015,2023-09-30 19:24:00,2023-10-01 03:24:00,2023-09-30 19:24:00,2023-10-01 03:24:00,0,On-Time
F000274,SKY133,AC010,AID007,AID006,2023-10-01 15:21:00,2023-10-02 03:21:00,2023-10-01 15:55:00,2023-10-02 03:55:00,34,Delayed
F000275,SKY110,AC008,AID002,AID012,2023-10-02 21:05:00,2023-10-02 23:05:00,2023-10-02 21:05:00,2023-10-02 23:05:00,0,On-Time
F000276,SKY134,AC018,AID007,AID013,2023-10-03 20:54:00,2023-10-04 04:54:00,2023-10-03 20:54:00,2023-10-04 04:54:00,0,On-Time
F000277,SKY101,AC008,AID001,AID009,2023-10-04 17:51:00,2023-10-05 05:51:00,2023-10-04 17:51:00,2023-10-05 05:51:00,0,On-Time
F000278,SKY137,AC008,AID005,AID003,2023-10-05 17:23:00,2023-10-05 22:23:00,2023-10-05 17:23:00,2023-10-05 22:23:00,0,On-Time
F000279,SKY110,AC016,AID002,AID012,2023-10-06 07:57:00,2023-10-06 09:57:00,2023-10-06 08:48:00,2023-10-06 10:48:00,51,Delayed
F000280,SKY102,AC018,AID001,AID003,2023-10-07 14:16:00,2023-10-08 01:16:00,2023-10-07 15:09:00,2023-10-08 02:09:00,53,Delayed
F000281,SKY118,AC012,AID003,AID001,2023-10-08 17:14:00,2023-10-09 02:14:00,2023-10-08 17:14:00,2023-10-09 02:14:00,0,On-Time
F000282,SKY143,AC002,AID008,AID014,2023-10-09 02:18:00,2023-10-09 05:18:00,2023-10-09 02:18:00,2023-10-09 05:18:00,0,On-Time
F000283,SKY115,AC009,AID009,AID012,2023-10-10 04:10:00,2023-10-10 09:10:00,2023-10-10 04:10:00,2023-10-10 09:10:00,0,On-Time
F000284,SKY160,AC002,AID010,AID003,2023-10-11 07:59:00,2023-10-11 09:59:00,2023-10-11 07:59:00,2023-10-11 09:59:00,0,On-Time
F000285,SKY123,AC017,AID004,AID006,2023-10-12 02:50:00,2023-10-12 09:50:00,2023-10-12 02:50:00,2023-10-12 09:50:00,0,On-Time
F000286,SKY121,AC001,AID003,AID006,2023-10-13 17:16:00,2023-10-14 04:16:00,2023-10-13 17:16:00,2023-10-14 04:16:00,0,On-Time
F000287,SKY156,AC009,AID013,AID015,2023-10-14 14:14:00,2023-10-14 19:14:00,2023-10-14 14:14:00,2023-10-14 19:14:00,0,On-Time
F000288,SKY103,AC010,AID001,AID004,2023-10-15 17:37:00,2023-10-16 04:37:00,2023-10-15 18:13:00,2023-10-16 05:13:00,36,Delayed
F000289,SKY114,AC002,AID009,AID002,2023-10-16 15:24:00,2023-10-16 20:24:00,2023-10-16 15:24:00,2023-10-16 20:24:00,0,On-Time
F000290,SKY120,AC007,AID003,AID010,2023-10-17 17:52:00,2023-10-17 20:52:00,2023-10-17 17:52:00,2023-10-17 20:52:00,0,On-Time
F000291,SKY125,AC001,AID004,AID013,2023-10-18 02:58:00,2023-10-18 08:58:00,2023-10-18 02:58:00,2023-10-18 08:58:00,0,On-Time
F000292,SKY149,AC014,AID014,AID008,2023-10-19 16:55:00,2023-10-19 19:55:00,2023-10-19 16:55:00,2023-10-19 19:55:00,0,On-Time
F000293,SKY103,AC018,AID001,AID004,2023-10-20 09:40:00,2023-10-20 17:40:00,2023-10-20 09:40:00,2023-10-20 17:40:00,0,On-Time
F000294,SKY155,AC004,AID013,AID007,2023-10-21 01:58:00,2023-10-21 05:58:00,2023-10-21 01:58:00,2023-10-21 05:58:00,0,On-Time
F000295,SKY111,AC005,AID002,AID008,2023-10-22 04:12:00,2023-10-22 14:12:00,2023-10-22 04:38:00,2023-10-22 14:38:00,26,Delayed
F000296,SKY104,AC013,AID001,AID006,2023-10-23 06:33:00,2023-10-23 14:33:00,2023-10-23 06:33:00,2023-10-23 14:33:00,0,On-Time
F000297,SKY113,AC007,AID002,AID003,2023-10-24 02:54:00,2023-10-24 12:54:00,2023-10-24 02:54:00,2023-10-24 12:54:00,0,On-Time
F000298,SKY117,AC003,AID009,AID007,2023-10-25 01:32:00,2023-10-25 14:32:00,2023-10-25 01:32:00,2023-10-25 14:32:00,0,On-Time
F000299,SKY158,AC014,AID015,AID004,2023-10-26 14:17:00,2023-10-26 21:17:00,2023-10-26 14:17:00,2023-10-26 21:17:00,0,On-Time
F000300,SKY105,AC015,AID001,AID005,2023-10-27 22:29:00,2023-10-28 03:29:00,2023-10-27 22:29:00,2023-10-28 03:29:00,0,On-Time
F000301,SKY108,AC012,AID002,AID001,2023-10-28 11:16:00,2023-10-28 19:16:00,2023-10-28 11:16:00,2023-10-28 19:16:00,0,On-Time
F000302,SKY120,AC001,AID003,AID010,2023-10-29 11:22:00,2023-10-29 14:22:00,2023-10-29 11:59:00,2023-10-29 14:59:00,37,Delayed
F000303,SKY114,AC008,AID009,AID002,2023-10-30 23:40:00,2023-10-31 04:40:00,2023-10-30 23:40:00,2023-10-31 04:40:00,0,On-Time
F000304,SKY134,AC018,AID007,AID013,2023-10-31 08:04:00,2023-10-31 14:04:00,2023-10-31 08:51:00,2023-10-31 14:51:00,47,Delayed
F000305,SKY141,AC017,AID008,AID002,2023-11-01 23:23:00,2023-11-02 11:23:00,2023-11-01 23:23:00,2023-11-02 11:23:00,0,On-Time
F000306,SKY129,AC010,AID006,AID013,2023-11-02 17:24:00,2023-11-02 19:24:00,2023-11-02 18:07:00,2023-11-02 20:07:00,43,Delayed
F000307,SKY140,AC005,AID008,AID001,2023-11-03 08:33:00,2023-11-03 12:33:00,2023-11-03 08:33:00,2023-11-03 12:33:00,0,On-Time
F000308,SKY106,AC004,AID001,AID008,2023-11-04 21:54:00,2023-11-05 01:54:00,2023-11-04 21:54:00,2023-11-05 01:54:00,0,On-Time
F000309,SKY112,AC008,AID002,AID005,2023-11-05 21:20:00,2023-11-06 06:20:00,2023-11-05 21:53:00,2023-11-06 06:53:00,33,Delayed
F000310,SKY106,AC013,AID001,AID008,2023-11-06 22:40:00,2023-11-07 02:40:00,2023-11-06 22:40:00,2023-11-07 02:40:00,0,On-Time
F000311,SKY111,AC017,AID002,AID008,2023-11-07 09:23:00,2023-11-07 17:23:00,2023-11-07 09:45:00,2023-11-07 17:45:00,22,Delayed
F000312,SKY138,AC010,AID005,AID011,2023-11-08 01:26:00,2023-11-08 05:26:00,2023-11-08 01:26:00,2023-11-08 05:26:00,0,On-Time
F000313,SKY160,AC011,AID010,AID003,2023-11-09 16:47:00,2023-11-09 20:47:00,2023-11-09 16:47:00,2023-11-09 20:47:00,0,On-Time
F000314,SKY107,AC005,AID001,AID011,2023-11-10 14:54:00,2023-11-10 17:54:00,2023-11-10 15:04:00,2023-11-10 18:04:00,10,Delayed
F000315,SKY156,AC012,AID013,AID015,2023-11-11 20:53:00,2023-11-12 00:53:00,2023-11-11 20:53:00,2023-11-12 00:53:00,0,On-Time
F000316,SKY123,AC008,AID004,AID006,2023-11-12 23:46:00,2023-11-13 04:46:00,2023-11-13 00:35:00,2023-11-13 05:35:00,49,Delayed
F000317,SKY148,AC015,AID014,AID005,2023-11-13 22:01:00,2023-11-14 01:01:00,2023-11-13 22:01:00,2023-11-14 01:01:00,0,On-Time
F000318,SKY110,AC007,AID002,AID012,2023-11-14 15:40:00,2023-11-14 19:40:00,2023-11-14 15:40:00,2023-11-14 19:40:00,0,On-Time
F000319,SKY128,AC009,AID006,AID004,2023-11-15 00:10:00,2023-11-15 06:10:00,2023-11-15 00:10:00,2023-11-15 06:10:00,0,On-Time
F000320,SKY139,AC014,AID005,AID014,2023-11-16 00:54:00,2023-11-16 02:54:00,2023-11-16 00:54:00,2023-11-16 02:54:00,0,On-Time
F000321,SKY107,AC012,AID001,AID011,2023-11-17 23:54:00,2023-11-18 02:54:00,2023-11-17 23:54:00,2023-11-18 02:54:00,0,On-Time
F000322,SKY110,AC014,AID002,AID012,2023-11-18 12:02:00,2023-11-18 15:02:00,2023-11-18 12:22:00,2023-11-18 15:22:00,20,Delayed
F000323,SKY121,AC015,AID003,AID006,2023-11-19 05:44:00,2023-11-19 18:44:00,2023-11-19 05:44:00,2023-11-19 18:44:00,0,On-Time
F000324,SKY111,AC018,AID002,AID008,2023-11-20 02:57:00,2023-11-20 14:57:00,2023-11-20 03:25:00,2023-11-20 15:25:00,28,Delayed
F000325,SKY124,AC005,AID004,AID007,2023-11-21 11:36:00,2023-11-21 19:36:00,2023-11-21 12:30:00,2023-11-21 20:30:00,54,Delayed
F000326,SKY100,AC003,AID001,AID002,2023-11-22 13:57:00,2023-11-23 03:57:00,2023-11-22 14:57:00,2023-11-23 04:57:00,60,Delayed
F000327,SKY150,AC012,AID012,AID002,2023-11-23 22:52:00,2023-11-24 01:52:00,2023-11-23 22:52:00,2023-11-24 01:52:00,0,On-Time
F000328,SKY155,AC018,AID013,AID007,2023-11-24 01:28:00,2023-11-24 08:28:00,2023-11-24 01:57:00,2023-11-24 08:57:00,29,Delayed
F000329,SKY110,AC002,AID002,AID012,2023-11-25 03:47:00,2023-11-25 05:47:00,2023-11-25 03:47:00,2023-11-25 05:47:00,0,On-Time
F000330,SKY116,AC019,AID009,AID006,2023-11-26 22:31:00,2023-11-27 11:31:00,2023-11-26 23:27:00,2023-11-27 12:27:00,56,Delayed
F000331,SKY122,AC017,AID003,AID004,2023-11-27 03:09:00,2023-11-27 08:09:00,2023-11-27 03:09:00,2023-11-27 08:09:00,0,On-Time
F000332,SKY101,AC004,AID001,AID009,2023-11-28 14:31:00,2023-11-29 04:31:00,2023-11-28 14:31:00,2023-11-29 04:31:00,0,On-Time
F000333,SKY124,AC004,AID004,AID007,2023-11-29 23:47:00,2023-11-30 05:47:00,2023-11-29 23:47:00,2023-11-30 05:47:00,0,On-Time
F000334,SKY144,AC005,AID011,AID001,2023-11-30 10:28:00,2023-11-30 14:28:00,2023-11-30 10:43:00,2023-11-30 14:43:00,15,Delayed
F000335,SKY117,AC015,AID009,AID007,2023-12-01 03:07:00,2023-12-01 16:07:00,2023-12-01 03:07:00,2023-12-01 16:07:00,0,On-Time
F000336,SKY108,AC001,AID002,AID001,2023-12-02 22:24:00,2023-12-03 12:24:00,2023-12-02 22:24:00,2023-12-03 12:24:00,0,On-Time
F000337,SKY154,AC001,AID013,AID006,2023-12-03 05:57:00,2023-12-03 09:57:00,2023-12-03 06:41:00,2023-12-03 10:41:00,44,Delayed
F000338,SKY138,AC011,AID005,AID011,2023-12-04 23:06:00,2023-12-05 03:06:00,2023-12-04 23:06:00,2023-12-05 03:06:00,0,On-Time
F000339,SKY105,AC016,AID001,AID005,2023-12-05 20:10:00,2023-12-06 04:10:00,2023-12-05 20:10:00,2023-12-06 04:10:00,0,On-Time
F000340,SKY129,AC003,AID006,AID013,2023-12-06 15:51:00,2023-12-06 18:51:00,2023-12-06 15:51:00,2023-12-06 18:51:00,0,On-Time
F000341,SKY153,AC003,AID013,AID004,2023-12-07 15:37:00,2023-12-07 23:37:00,2023-12-07 15:37:00,2023-12-07 23:37:00,0,On-Time
F000342,SKY108,AC018,AID002,AID001,2023-12-08 12:42:00,2023-12-08 21:42:00,2023-12-08 12:58:00,2023-12-08 21:58:00,16,Delayed
F000343,SKY151,AC002,AID012,AID009,2023-12-09 19:15:00,2023-12-10 00:15:00,2023-12-09 19:15:00,2023-12-10 00:15:00,0,On-Time
F000344,SKY113,AC017,AID002,AID003,2023-12-10 08:24:00,2023-12-10 19:24:00,2023-12-10 08:24:00,2023-12-10 19:24:00,0,On-Time
F000345,SKY106,AC010,AID001,AID008,2023-12-11 16:35:00,2023-12-11 18:35:00,2023-12-11 16:45:00,2023-12-11 18:45:00,10,Delayed
F000346,SKY153,AC004,AID013,AID004,2023-12-12 15:07:00,2023-12-12 21:07:00,2023-12-12 15:07:00,2023-12-12 21:07:00,0,On-Time
F000347,SKY113,AC008,AID002,AID003,2023-12-13 07:02:00,2023-12-13 20:02:00,2023-12-13 07:15:00,2023-12-13 20:15:00,13,Delayed
F000348,SKY151,AC011,AID012,AID009,2023-12-14 06:36:00,2023-12-14 11:36:00,2023-12-14 06:36:00,2023-12-14 11:36:00,0,On-Time
F000349,SKY118,AC007,AID003,AID001,2023-12-15 09:54:00,2023-12-15 21:54:00,2023-12-15 09:54:00,2023-12-15 21:54:00,0,On-Time
F000350,SKY148,AC005,AID014,AID005,2023-12-16 10:51:00,2023-12-16 12:51:00,2023-12-16 10:51:00,2023-12-16 12:51:00,0,On-Time
F000351,SKY114,AC007,AID009,AID002,2023-12-17 15:10:00,2023-12-17 20:10:00,2023-12-17 15:10:00,2023-12-17 20:10:00,0,On-Time
F000352,SKY134,AC002,AID007,AID013,2023-12-18 14:21:00,2023-12-18 18:21:00,2023-12-18 14:56:00,2023-12-18 18:56:00,35,Delayed
F000353,SKY126,AC001,AID004,AID015,2023-12-19 18:38:00,2023-12-20 00:38:00,2023-12-19 18:38:00,2023-12-20 00:38:00,0,On-Time
F000354,SKY146,AC001,AID011,AID014,2023-12-20 03:07:00,2023-12-20 07:07:00,2023-12-20 03:07:00,2023-12-20 07:07:00,0,On-Time
F000355,SKY141,AC004,AID008,AID002,2023-12-21 13:15:00,2023-12-21 21:15:00,2023-12-21 13:15:00,2023-12-21 21:15:00,0,On-Time
F000356,SKY139,AC014,AID005,AID014,2023-12-22 21:40:00,2023-12-23 01:40:00,2023-12-22 22:13:00,2023-12-23 02:13:00,33,Delayed
F000357,SKY107,AC018,AID001,AID011,2023-12-23 01:48:00,2023-12-23 03:48:00,2023-12-23 01:48:00,2023-12-23 03:48:00,0,On-Time
F000358,SKY103,AC010,AID001,AID004,2023-12-24 16:44:00,2023-12-25 06:44:00,2023-12-24 16:44:00,2023-12-25 06:44:00,0,On-Time
F000359,SKY116,AC013,AID009,AID006,2023-12-25 08:37:00,2023-12-25 16:37:00,2023-12-25 09:31:00,2023-12-25 17:31:00,54,Delayed
F000360,SKY151,AC008,AID012,AID009,2023-12-26 20:52:00,2023-12-27 04:52:00,2023-12-26 20:52:00,2023-12-27 04:52:00,0,On-Time
F000361,SKY115,AC004,AID009,AID012,2023-12-27 05:15:00,2023-12-27 09:15:00,2023-12-27 05:15:00,2023-12-27 09:15:00,0,On-Time
F000362,SKY125,AC011,AID004,AID013,2023-12-28 02:14:00,2023-12-28 07:14:00,2023-12-28 02:14:00,2023-12-28 07:14:00,0,On-Time
F000363,SKY116,AC004,AID009,AID006,2023-12-29 02:28:00,2023-12-29 16:28:00,2023-12-29 02:28:00,2023-12-29 16:28:00,0,On-Time
F000364,SKY113,AC010,AID002,AID003,2023-12-30 06:32:00,2023-12-30 16:32:00,2023-12-30 06:32:00,2023-12-30 16:32:00,0,On-Time
F000365,SKY139,AC016,AID005,AID014,2023-12-31 22:02:00,2024-01-01 02:02:00,2023-12-31 22:02:00,2024-01-01 02:02:00,0,On-Time
F000366,SKY160,AC012,AID010,AID003,2024-01-01 20:31:00,2024-01-01 22:31:00,2024-01-01 20:31:00,2024-01-01 22:31:00,0,On-Time
F000367,SKY111,AC019,AID002,AID008,2024-01-02 05:03:00,2024-01-02 19:03:00,2024-01-02 05:03:00,2024-01-02 19:03:00,0,On-Time
F000368,SKY139,AC010,AID005,AID014,2024-01-03 01:42:00,2024-01-03 03:42:00,2024-01-03 01:42:00,2024-01-03 03:42:00,0,On-Time
F000369,SKY101,AC017,AID001,AID009,2024-01-04 15:08:00,2024-01-04 23:08:00,2024-01-04 15:30:00,2024-01-04 23:30:00,22,Delayed
F000370,SKY138,AC008,AID005,AID011,2024-01-05 06:30:00,2024-01-05 09:30:00,2024-01-05 06:30:00,2024-01-05 09:30:00,0,On-Time
F000371,SKY143,AC013,AID008,AID014,2024-01-06 11:26:00,2024-01-06 14:26:00,2024-01-06 11:26:00,2024-01-06 14:26:00,0,On-Time
F000372,SKY154,AC019,AID013,AID006,2024-01-07 10:59:00,2024-01-07 12:59:00,2024-01-07 10:59:00,2024-01-07 12:59:00,0,On-Time
F000373,SKY131,AC005,AID006,AID003,2024-01-08 07:15:00,2024-01-08 20:15:00,2024-01-08 07:15:00,2024-01-08 20:15:00,0,On-Time
F000374,SKY152,AC016,AID012,AID001,2024-01-09 11:40:00,2024-01-10 01:40:00,2024-01-09 11:40:00,2024-01-10 01:40:00,0,On-Time
F000375,SKY135,AC017,AID005,AID001,2024-01-10 16:51:00,2024-01-10 21:51:00,2024-01-10 16:51:00,2024-01-10 21:51:00,0,On-Time
F000376,SKY152,AC010,AID012,AID001,2024-01-11 15:32:00,2024-01-12 02:32:00,2024-01-11 15:58:00,2024-01-12 02:58:00,26,Delayed
F000377,SKY118,AC017,AID003,AID001,2024-01-12 19:16:00,2024-01-13 08:16:00,2024-01-12 19:16:00,2024-01-13 08:16:00,0,On-Time
F000378,SKY140,AC018,AID008,AID001,2024-01-13 16:27:00,2024-01-13 19:27:00,2024-01-13 16:49:00,2024-01-13 19:49:00,22,Delayed
F000379,SKY124,AC004,AID004,AID007,2024-01-14 00:14:00,2024-01-14 05:14:00,2024-01-14 00:26:00,2024-01-14 05:26:00,12,Delayed
F000380,SKY102,AC002,AID001,AID003,2024-01-15 10:09:00,2024-01-15 20:09:00,2024-01-15 10:56:00,2024-01-15 20:56:00,47,Delayed
F000381,SKY108,AC001,AID002,AID001,2024-01-16 00:56:00,2024-01-16 08:56:00,2024-01-16 01:25:00,2024-01-16 09:25:00,29,Delayed
F000382,SKY100,AC017,AID001,AID002,2024-01-17 00:09:00,2024-01-17 14:09:00,2024-01-17 00:09:00,2024-01-17 14:09:00,0,On-Time
F000383,SKY116,AC002,AID009,AID006,2024-01-18 01:19:00,2024-01-18 09:19:00,2024-01-18 01:19:00,2024-01-18 09:19:00,0,On-Time
F000384,SKY156,AC013,AID013,AID015,2024-01-19 03:36:00,2024-01-19 08:36:00,2024-01-19 03:36:00,2024-01-19 08:36:00,0,On-Time
F000385,SKY103,AC011,AID001,AID004,2024-01-20 17:02:00,2024-01-21 01:02:00,2024-01-20 17:02:00,2024-01-21 01:02:00,0,On-Time
F000386,SKY116,AC002,AID009,AID006,2024-01-21 23:59:00,2024-01-22 07:59:00,2024-01-21 23:59:00,2024-01-22 07:59:00,0,On-Time
F000387,SKY104,AC014,AID001,AID006,2024-01-22 16:11:00,2024-01-23 06:11:00,2024-01-22 16:11:00,2024-01-23 06:11:00,0,On-Time
F000388,SKY108,AC017,AID002,AID001,2024-01-23 01:44:00,2024-01-23 10:44:00,2024-01-23 02:39:00,2024-01-23 11:39:00,55,Delayed
F000389,SKY131,AC008,AID006,AID003,2024-01-24 14:08:00,2024-01-24 23:08:00,2024-01-24 14:08:00,2024-01-24 23:08:00,0,On-Time
F000390,SKY136,AC013,AID005,AID002,2024-01-25 01:34:00,2024-01-25 11:34:00,2024-01-25 01:34:00,2024-01-25 11:34:00,0,On-Time
F000391,SKY122,AC012,AID003,AID004,2024-01-26 15:18:00,2024-01-26 19:18:00,2024-01-26 15:44:00,2024-01-26 19:44:00,26,Delayed
F000392,SKY143,AC014,AID008,AID014,2024-01-27 23:28:00,2024-01-28 01:28:00,2024-01-27 23:28:00,2024-01-28 01:28:00,0,On-Time
F000393,SKY156,AC013,AID013,AID015,2024-01-28 01:52:00,2024-01-28 08:52:00,2024-01-28 01:52:00,2024-01-28 08:52:00,0,On-Time
F000394,SKY148,AC014,AID014,AID005,2024-01-29 08:03:00,2024-01-29 11:03:00,2024-01-29 08:03:00,2024-01-29 11:03:00,0,On-Time
F000395,SKY118,AC015,AID003,AID001,2024-01-30 00:04:00,2024-01-30 13:04:00,2024-01-30 00:04:00,2024-01-30 13:04:00,0,On-Time
F000396,SKY116,AC010,AID009,AID006,2024-01-31 05:49:00,2024-01-31 17:49:00,2024-01-31 05:49:00,2024-01-31 17:49:00,0,On-Time
F000397,SKY159,AC011,AID015,AID013,2024-02-01 19:34:00,2024-02-01 23:34:00,2024-02-01 19:34:00,2024-02-01 23:34:00,0,On-Time
F000398,SKY106,AC017,AID001,AID008,2024-02-02 01:10:00,2024-02-02 04:10:00,2024-02-02 01:10:00,2024-02-02 04:10:00,0,On-Time
F000399,SKY126,AC007,AID004,AID015,2024-02-03 20:21:00,2024-02-04 04:21:00,2024-02-03 20:59:00,2024-02-04 04:59:00,38,Delayed
F000400,SKY148,AC011,AID014,AID005,2024-02-04 20:18:00,2024-02-05 00:18:00,2024-02-04 20:18:00,2024-02-05 00:18:00,0,On-Time
F000401,SKY107,AC009,AID001,AID011,2024-02-05 12:58:00,2024-02-05 14:58:00,2024-02-05 12:58:00,2024-02-05 14:58:00,0,On-Time
F000402,SKY135,AC006,AID005,AID001,2024-02-06 12:15:00,2024-02-06 20:15:00,2024-02-06 12:15:00,2024-02-06 20:15:00,0,On-Time
F000403,SKY132,AC011,AID007,AID004,2024-02-07 08:02:00,2024-02-07 16:02:00,2024-02-07 08:02:00,2024-02-07 16:02:00,0,On-Time
F000404,SKY127,AC011,AID004,AID003,2024-02-08 23:26:00,2024-02-09 06:26:00,2024-02-09 00:13:00,2024-02-09 07:13:00,47,Delayed
F000405,SKY108,AC012,AID002,AID001,2024-02-09 08:15:00,2024-02-09 18:15:00,2024-02-09 08:15:00,2024-02-09 18:15:00,0,On-Time
F000406,SKY151,AC001,AID012,AID009,2024-02-10 15:31:00,2024-02-10 23:31:00,2024-02-10 15:31:00,2024-02-10 23:31:00,0,On-Time
F000407,SKY140,AC005,AID008,AID001,2024-02-11 05:00:00,2024-02-11 08:00:00,2024-02-11 05:00:00,2024-02-11 08:00:00,0,On-Time
F000408,SKY126,AC003,AID004,AID015,2024-02-12 13:53:00,2024-02-12 19:53:00,2024-02-12 14:33:00,2024-02-12 20:33:00,40,Delayed
F000409,SKY108,AC001,AID002,AID001,2024-02-13 15:52:00,2024-02-14 00:52:00,2024-02-13 16:31:00,2024-02-14 01:31:00,39,Delayed
F000410,SKY119,AC016,AID003,AID015,2024-02-14 12:47:00,2024-02-14 16:47:00,2024-02-14 12:47:00,2024-02-14 16:47:00,0,On-Time
F000411,SKY147,AC002,AID014,AID001,2024-02-15 05:23:00,2024-02-15 09:23:00,2024-02-15 05:23:00,2024-02-15 09:23:00,0,On-Time
F000412,SKY137,AC015,AID005,AID003,2024-02-16 03:05:00,2024-02-16 10:05:00,2024-02-16 03:05:00,2024-02-16 10:05:00,0,On-Time
F000413,SKY151,AC014,AID012,AID009,2024-02-17 02:29:00,2024-02-17 10:29:00,2024-02-17 03:28:00,2024-02-17 11:28:00,59,Delayed
F000414,SKY157,AC015,AID015,AID003,2024-02-18 16:36:00,2024-02-18 23:36:00,2024-02-18 16:59:00,2024-02-18 23:59:00,23,Delayed
F000415,SKY108,AC001,AID002,AID001,2024-02-19 08:26:00,2024-02-19 16:26:00,2024-02-19 08:26:00,2024-02-19 16:26:00,0,On-Time
F000416,SKY138,AC008,AID005,AID011,2024-02-20 12:25:00,2024-02-20 14:25:00,2024-02-20 12:25:00,2024-02-20 14:25:00,0,On-Time
F000417,SKY147,AC004,AID014,AID001,2024-02-21 04:10:00,2024-02-21 09:10:00,2024-02-21 04:10:00,2024-02-21 09:10:00,0,On-Time
F000418,SKY116,AC007,AID009,AID006,2024-02-22 11:40:00,2024-02-22 22:40:00,2024-02-22 11:40:00,2024-02-22 22:40:00,0,On-Time
F000419,SKY159,AC018,AID015,AID013,2024-02-23 02:42:00,2024-02-23 10:42:00,2024-02-23 02:42:00,2024-02-23 10:42:00,0,On-Time
F000420,SKY114,AC019,AID009,AID002,2024-02-24 21:02:00,2024-02-25 03:02:00,2024-02-24 21:02:00,2024-02-25 03:02:00,0,On-Time
F000421,SKY130,AC006,AID006,AID007,2024-02-25 20:52:00,2024-02-26 06:52:00,2024-02-25 20:52:00,2024-02-26 06:52:00,0,On-Time
F000422,SKY130,AC001,AID006,AID007,2024-02-26 20:06:00,2024-02-27 06:06:00,2024-02-26 20:06:00,2024-02-27 06:06:00,0,On-Time
F000423,SKY140,AC004,AID008,AID001,2024-02-27 19:24:00,2024-02-27 21:24:00,2024-02-27 19:24:00,2024-02-27 21:24:00,0,On-Time
F000424,SKY147,AC003,AID014,AID001,2024-02-28 19:12:00,2024-02-29 00:12:00,2024-02-28 19:12:00,2024-02-29 00:12:00,0,On-Time
F000425,SKY153,AC007,AID013,AID004,2024-02-29 23:36:00,2024-03-01 04:36:00,2024-02-29 23:36:00,2024-03-01 04:36:00,0,On-Time
F000426,SKY132,AC014,AID007,AID004,2024-03-01 19:26:00,2024-03-02 00:26:00,2024-03-01 19:26:00,2024-03-02 00:26:00,0,On-Time
F000427,SKY160,AC006,AID010,AID003,2024-03-02 00:59:00,2024-03-02 02:59:00,2024-03-02 00:59:00,2024-03-02 02:59:00,0,On-Time
F000428,SKY156,AC005,AID013,AID015,2024-03-03 14:21:00,2024-03-03 22:21:00,2024-03-03 14:21:00,2024-03-03 22:21:00,0,On-Time
F000429,SKY142,AC016,AID008,AID011,2024-03-04 03:50:00,2024-03-04 07:50:00,2024-03-04 03:50:00,2024-03-04 07:50:00,0,On-Time
F000430,SKY143,AC004,AID008,AID014,2024-03-05 18:01:00,2024-03-05 21:01:00,2024-03-05 18:01:00,2024-03-05 21:01:00,0,On-Time
F000431,SKY160,AC008,AID010,AID003,2024-03-06 04:47:00,2024-03-06 06:47:00,2024-03-06 04:47:00,2024-03-06 06:47:00,0,On-Time
F000432,SKY150,AC008,AID012,AID002,2024-03-07 23:00:00,2024-03-08 01:00:00,2024-03-07 23:00:00,2024-03-08 01:00:00,0,On-Time
F000433,SKY100,AC015,AID001,AID002,2024-03-08 21:48:00,2024-03-09 07:48:00,2024-03-08 21:48:00,2024-03-09 07:48:00,0,On-Time
F000434,SKY129,AC004,AID006,AID013,2024-03-09 13:55:00,2024-03-09 16:55:00,2024-03-09 13:55:00,2024-03-09 16:55:00,0,On-Time
F000435,SKY155,AC009,AID013,AID007,2024-03-10 22:04:00,2024-03-11 03:04:00,2024-03-10 22:04:00,2024-03-11 03:04:00,0,On-Time
F000436,SKY157,AC002,AID015,AID003,2024-03-11 18:08:00,2024-03-12 01:08:00,2024-03-11 18:08:00,2024-03-12 01:08:00,0,On-Time
F000437,SKY129,AC013,AID006,AID013,2024-03-12 12:38:00,2024-03-12 15:38:00,2024-03-12 12:38:00,2024-03-12 15:38:00,0,On-Time
F000438,SKY119,AC013,AID003,AID015,2024-03-13 20:21:00,2024-03-14 03:21:00,2024-03-13 20:50:00,2024-03-14 03:50:00,29,Delayed
F000439,SKY139,AC004,AID005,AID014,2024-03-14 09:39:00,2024-03-14 11:39:00,2024-03-14 09:39:00,2024-03-14 11:39:00,0,On-Time
F000440,SKY100,AC018,AID001,AID002,2024-03-15 01:53:00,2024-03-15 10:53:00,2024-03-15 02:53:00,2024-03-15 11:53:00,60,Delayed
F000441,SKY139,AC018,AID005,AID014,2024-03-16 16:27:00,2024-03-16 19:27:00,2024-03-16 17:10:00,2024-03-16 20:10:00,43,Delayed
F000442,SKY130,AC005,AID006,AID007,2024-03-17 03:55:00,2024-03-17 17:55:00,2024-03-17 03:55:00,2024-03-17 17:55:00,0,On-Time
F000443,SKY127,AC001,AID004,AID003,2024-03-18 13:18:00,2024-03-18 19:18:00,2024-03-18 13:18:00,2024-03-18 19:18:00,0,On-Time
F000444,SKY150,AC008,AID012,AID002,2024-03-19 17:30:00,2024-03-19 20:30:00,2024-03-19 17:30:00,2024-03-19 20:30:00,0,On-Time
F000445,SKY113,AC011,AID002,AID003,2024-03-20 09:15:00,2024-03-20 23:15:00,2024-03-20 09:58:00,2024-03-20 23:58:00,43,Delayed
F000446,SKY159,AC008,AID015,AID013,2024-03-21 17:38:00,2024-03-22 00:38:00,2024-03-21 17:38:00,2024-03-22 00:38:00,0,On-Time
F000447,SKY130,AC018,AID006,AID007,2024-03-22 23:15:00,2024-03-23 12:15:00,2024-03-22 23:15:00,2024-03-23 12:15:00,0,On-Time
F000448,SKY120,AC018,AID003,AID010,2024-03-23 16:55:00,2024-03-23 20:55:00,2024-03-23 16:55:00,2024-03-23 20:55:00,0,On-Time
F000449,SKY159,AC005,AID015,AID013,2024-03-24 10:23:00,2024-03-24 18:23:00,2024-03-24 10:23:00,2024-03-24 18:23:00,0,On-Time
F000450,SKY120,AC010,AID003,AID010,2024-03-25 04:54:00,2024-03-25 06:54:00,2024-03-25 05:23:00,2024-03-25 07:23:00,29,Delayed
F000451,SKY146,AC019,AID011,AID014,2024-03-26 12:00:00,2024-03-26 14:00:00,2024-03-26 12:00:00,2024-03-26 14:00:00,0,On-Time
F000452,SKY133,AC001,AID007,AID006,2024-03-27 20:52:00,2024-03-28 07:52:00,2024-03-27 20:52:00,2024-03-28 07:52:00,0,On-Time
F000453,SKY107,AC011,AID001,AID011,2024-03-28 15:02:00,2024-03-28 18:02:00,2024-03-28 15:02:00,2024-03-28 18:02:00,0,On-Time
F000454,SKY114,AC019,AID009,AID002,2024-03-29 19:36:00,2024-03-30 02:36:00,2024-03-29 19:36:00,2024-03-30 02:36:00,0,On-Time
F000455,SKY134,AC019,AID007,AID013,2024-03-30 15:15:00,2024-03-30 21:15:00,2024-03-30 15:45:00,2024-03-30 21:45:00,30,Delayed
F000456,SKY126,AC001,AID004,AID015,2024-03-31 23:24:00,2024-04-01 05:24:00,2024-03-31 23:57:00,2024-04-01 05:57:00,33,Delayed
F000457,SKY111,AC014,AID002,AID008,2024-04-01 02:00:00,2024-04-01 10:00:00,2024-04-01 02:17:00,2024-04-01 10:17:00,17,Delayed
F000458,SKY120,AC002,AID003,AID010,2024-04-02 04:18:00,2024-04-02 06:18:00,2024-04-02 04:18:00,2024-04-02 06:18:00,0,On-Time
F000459,SKY115,AC004,AID009,AID012,2024-04-03 00:48:00,2024-04-03 07:48:00,2024-04-03 00:48:00,2024-04-03 07:48:00,0,On-Time
F000460,SKY110,AC012,AID002,AID012,2024-04-04 20:10:00,2024-04-04 23:10:00,2024-04-04 20:10:00,2024-04-04 23:10:00,0,On-Time
F000461,SKY132,AC013,AID007,AID004,2024-04-05 10:16:00,2024-04-05 15:16:00,2024-04-05 10:16:00,2024-04-05 15:16:00,0,On-Time
F000462,SKY135,AC010,AID005,AID001,2024-04-06 14:13:00,2024-04-06 22:13:00,2024-04-06 14:29:00,2024-04-06 22:29:00,16,Delayed
F000463,SKY137,AC016,AID005,AID003,2024-04-07 23:19:00,2024-04-08 06:19:00,2024-04-07 23:19:00,2024-04-08 06:19:00,0,On-Time
F000464,SKY135,AC003,AID005,AID001,2024-04-08 00:44:00,2024-04-08 04:44:00,2024-04-08 00:44:00,2024-04-08 04:44:00,0,On-Time
F000465,SKY153,AC014,AID013,AID004,2024-04-09 23:53:00,2024-04-10 07:53:00,2024-04-10 00:24:00,2024-04-10 08:24:00,31,Delayed
F000466,SKY148,AC011,AID014,AID005,2024-04-10 14:18:00,2024-04-10 18:18:00,2024-04-10 14:18:00,2024-04-10 18:18:00,0,On-Time
F000467,SKY100,AC002,AID001,AID002,2024-04-11 18:53:00,2024-04-12 02:53:00,2024-04-11 18:53:00,2024-04-12 02:53:00,0,On-Time
F000468,SKY138,AC018,AID005,AID011,2024-04-12 17:29:00,2024-04-12 21:29:00,2024-04-12 17:45:00,2024-04-12 21:45:00,16,Delayed
F000469,SKY103,AC002,AID001,AID004,2024-04-13 00:26:00,2024-04-13 13:26:00,2024-04-13 00:26:00,2024-04-13 13:26:00,0,On-Time
F000470,SKY125,AC011,AID004,AID013,2024-04-14 22:49:00,2024-04-15 06:49:00,2024-04-14 22:49:00,2024-04-15 06:49:00,0,On-Time
F000471,SKY136,AC006,AID005,AID002,2024-04-15 16:13:00,2024-04-16 05:13:00,2024-04-15 16:52:00,2024-04-16 05:52:00,39,Delayed
F000472,SKY101,AC005,AID001,AID009,2024-04-16 12:23:00,2024-04-16 21:23:00,2024-04-16 12:23:00,2024-04-16 21:23:00,0,On-Time
F000473,SKY160,AC005,AID010,AID003,2024-04-17 16:19:00,2024-04-17 20:19:00,2024-04-17 16:19:00,2024-04-17 20:19:00,0,On-Time
F000474,SKY112,AC004,AID002,AID005,2024-04-18 19:30:00,2024-04-19 09:30:00,2024-04-18 19:30:00,2024-04-19 09:30:00,0,On-Time
F000475,SKY120,AC009,AID003,AID010,2024-04-19 22:34:00,2024-04-20 02:34:00,2024-04-19 22:34:00,2024-04-20 02:34:00,0,On-Time
F000476,SKY100,AC005,AID001,AID002,2024-04-20 02:47:00,2024-04-20 10:47:00,2024-04-20 02:47:00,2024-04-20 10:47:00,0,On-Time
F000477,SKY130,AC015,AID006,AID007,2024-04-21 16:57:00,2024-04-22 06:57:00,2024-04-21 16:57:00,2024-04-22 06:57:00,0,On-Time
F000478,SKY145,AC003,AID011,AID005,2024-04-22 16:10:00,2024-04-22 18:10:00,2024-04-22 16:10:00,2024-04-22 18:10:00,0,On-Time
F000479,SKY113,AC004,AID002,AID003,2024-04-23 03:38:00,2024-04-23 16:38:00,2024-04-23 03:38:00,2024-04-23 16:38:00,0,On-Time
F000480,SKY142,AC009,AID008,AID011,2024-04-24 07:26:00,2024-04-24 11:26:00,2024-04-24 07:47:00,2024-04-24 11:47:00,21,Delayed
F000481,SKY138,AC014,AID005,AID011,2024-04-25 22:02:00,2024-04-26 01:02:00,2024-04-25 22:02:00,2024-04-26 01:02:00,0,On-Time
F000482,SKY116,AC004,AID009,AID006,2024-04-26 17:27:00,2024-04-27 03:27:00,2024-04-26 17:27:00,2024-04-27 03:27:00,0,On-Time
F000483,SKY148,AC001,AID014,AID005,2024-04-27 13:24:00,2024-04-27 16:24:00,2024-04-27 14:02:00,2024-04-27 17:02:00,38,Delayed
F000484,SKY116,AC012,AID009,AID006,2024-04-28 20:40:00,2024-04-29 05:40:00,2024-04-28 20:40:00,2024-04-29 05:40:00,0,On-Time
F000485,SKY109,AC018,AID002,AID009,2024-04-29 15:47:00,2024-04-29 22:47:00,2024-04-29 15:47:00,2024-04-29 22:47:00,0,On-Time
F000486,SKY136,AC011,AID005,AID002,2024-04-30 19:15:00,2024-05-01 08:15:00,2024-04-30 19:15:00,2024-05-01 08:15:00,0,On-Time
F000487,SKY126,AC010,AID004,AID015,2024-05-01 13:40:00,2024-05-01 18:40:00,2024-05-01 13:40:00,2024-05-01 18:40:00,0,On-Time
F000488,SKY121,AC010,AID003,AID006,2024-05-02 20:30:00,2024-05-03 04:30:00,2024-05-02 20:30:00,2024-05-03 04:30:00,0,On-Time
F000489,SKY155,AC008,AID013,AID007,2024-05-03 07:41:00,2024-05-03 13:41:00,2024-05-03 07:58:00,2024-05-03 13:58:00,17,Delayed
F000490,SKY108,AC002,AID002,AID001,2024-05-04 22:06:00,2024-05-05 09:06:00,2024-05-04 22:06:00,2024-05-05 09:06:00,0,On-Time
F000491,SKY160,AC019,AID010,AID003,2024-05-05 06:47:00,2024-05-05 08:47:00,2024-05-05 06:47:00,2024-05-05 08:47:00,0,On-Time
F000492,SKY154,AC012,AID013,AID006,2024-05-06 05:59:00,2024-05-06 08:59:00,2024-05-06 05:59:00,2024-05-06 08:59:00,0,On-Time
F000493,SKY143,AC016,AID008,AID014,2024-05-07 02:20:00,2024-05-07 04:20:00,2024-05-07 02:20:00,2024-05-07 04:20:00,0,On-Time
F000494,SKY113,AC015,AID002,AID003,2024-05-08 17:15:00,2024-05-09 04:15:00,2024-05-08 17:15:00,2024-05-09 04:15:00,0,On-Time
F000495,SKY157,AC013,AID015,AID003,2024-05-09 03:57:00,2024-05-09 10:57:00,2024-05-09 03:57:00,2024-05-09 10:57:00,0,On-Time
F000496,SKY101,AC014,AID001,AID009,2024-05-10 20:02:00,2024-05-11 04:02:00,2024-05-10 20:02:00,2024-05-11 04:02:00,0,On-Time
F000497,SKY124,AC017,AID004,AID007,2024-05-11 15:09:00,2024-05-11 22:09:00,2024-05-11 15:09:00,2024-05-11 22:09:00,0,On-Time
F000498,SKY149,AC005,AID014,AID008,2024-05-12 15:11:00,2024-05-12 17:11:00,2024-05-12 15:11:00,2024-05-12 17:11:00,0,On-Time
F000499,SKY133,AC019,AID007,AID006,2024-05-13 01:01:00,2024-05-13 09:01:00,2024-05-13 01:31:00,2024-05-13 09:31:00,30,Delayed
F000500,SKY151,AC003,AID012,AID009,2024-05-14 19:16:00,2024-05-14 23:16:00,2024-05-14 19:16:00,2024-05-14 23:16:00,0,On-Time
F000501,SKY124,AC015,AID004,AID007,2024-05-15 00:37:00,2024-05-15 05:37:00,2024-05-15 00:37:00,2024-05-15 05:37:00,0,On-Time
F000502,SKY100,AC015,AID001,AID002,2024-05-16 06:21:00,2024-05-16 15:21:00,2024-05-16 06:21:00,2024-05-16 15:21:00,0,On-Time
F000503,SKY145,AC006,AID011,AID005,2024-05-17 02:43:00,2024-05-17 04:43:00,2024-05-17 02:43:00,2024-05-17 04:43:00,0,On-Time
F000504,SKY148,AC002,AID014,AID005,2024-05-18 09:30:00,2024-05-18 11:30:00,2024-05-18 09:30:00,2024-05-18 11:30:00,0,On-Time
F000505,SKY111,AC006,AID002,AID008,2024-05-19 19:38:00,2024-05-20 07:38:00,2024-05-19 19:38:00,2024-05-20 07:38:00,0,On-Time
F000506,SKY113,AC014,AID002,AID003,2024-05-20 18:59:00,2024-05-21 02:59:00,2024-05-20 19:28:00,2024-05-21 03:28:00,29,Delayed
F000507,SKY119,AC007,AID003,AID015,2024-05-21 20:29:00,2024-05-22 01:29:00,2024-05-21 20:29:00,2024-05-22 01:29:00,0,On-Time
F000508,SKY139,AC002,AID005,AID014,2024-05-22 10:58:00,2024-05-22 14:58:00,2024-05-22 10:58:00,2024-05-22 14:58:00,0,On-Time
F000509,SKY111,AC013,AID002,AID008,2024-05-23 11:05:00,2024-05-23 20:05:00,2024-05-23 11:05:00,2024-05-23 20:05:00,0,On-Time
F000510,SKY142,AC019,AID008,AID011,2024-05-24 12:45:00,2024-05-24 15:45:00,2024-05-24 13:00:00,2024-05-24 16:00:00,15,Delayed
F000511,SKY140,AC011,AID008,AID001,2024-05-25 07:32:00,2024-05-25 11:32:00,2024-05-25 07:32:00,2024-05-25 11:32:00,0,On-Time
F000512,SKY149,AC014,AID014,AID008,2024-05-26 10:10:00,2024-05-26 12:10:00,2024-05-26 10:10:00,2024-05-26 12:10:00,0,On-Time
F000513,SKY106,AC019,AID001,AID008,2024-05-27 12:42:00,2024-05-27 15:42:00,2024-05-27 12:42:00,2024-05-27 15:42:00,0,On-Time
F000514,SKY114,AC011,AID009,AID002,2024-05-28 03:36:00,2024-05-28 07:36:00,2024-05-28 03:36:00,2024-05-28 07:36:00,0,On-Time
F000515,SKY101,AC013,AID001,AID009,2024-05-29 13:44:00,2024-05-30 00:44:00,2024-05-29 13:44:00,2024-05-30 00:44:00,0,On-Time
F000516,SKY103,AC001,AID001,AID004,2024-05-30 22:29:00,2024-05-31 08:29:00,2024-05-30 22:29:00,2024-05-31 08:29:00,0,On-Time
F000517,SKY129,AC019,AID006,AID013,2024-05-31 19:06:00,2024-05-31 22:06:00,2024-05-31 19:06:00,2024-05-31 22:06:00,0,On-Time
F000518,SKY137,AC016,AID005,AID003,2024-06-01 07:57:00,2024-06-01 11:57:00,2024-06-01 07:57:00,2024-06-01 11:57:00,0,On-Time
F000519,SKY124,AC002,AID004,AID007,2024-06-02 15:09:00,2024-06-02 21:09:00,2024-06-02 15:09:00,2024-06-02 21:09:00,0,On-Time
F000520,SKY147,AC010,AID014,AID001,2024-06-03 17:47:00,2024-06-04 01:47:00,2024-06-03 17:47:00,2024-06-04 01:47:00,0,On-Time
F000521,SKY132,AC013,AID007,AID004,2024-06-04 19:00:00,2024-06-05 00:00:00,2024-06-04 19:00:00,2024-06-05 00:00:00,0,On-Time
F000522,SKY136,AC014,AID005,AID002,2024-06-05 04:34:00,2024-06-05 17:34:00,2024-06-05 05:02:00,2024-06-05 18:02:00,28,Delayed
F000523,SKY113,AC013,AID002,AID003,2024-06-06 21:03:00,2024-06-07 07:03:00,2024-06-06 21:18:00,2024-06-07 07:18:00,15,Delayed
F000524,SKY137,AC014,AID005,AID003,2024-06-07 19:10:00,2024-06-08 02:10:00,2024-06-07 20:02:00,2024-06-08 03:02:00,52,Delayed
F000525,SKY148,AC001,AID014,AID005,2024-06-08 17:21:00,2024-06-08 19:21:00,2024-06-08 17:21:00,2024-06-08 19:21:00,0,On-Time
F000526,SKY135,AC008,AID005,AID001,2024-06-09 06:45:00,2024-06-09 11:45:00,2024-06-09 06:45:00,2024-06-09 11:45:00,0,On-Time
F000527,SKY147,AC016,AID014,AID001,2024-06-10 13:33:00,2024-06-10 17:33:00,2024-06-10 13:33:00,2024-06-10 17:33:00,0,On-Time
F000528,SKY157,AC012,AID015,AID003,2024-06-11 18:22:00,2024-06-12 00:22:00,2024-06-11 18:22:00,2024-06-12 00:22:00,0,On-Time
F000529,SKY109,AC010,AID002,AID009,2024-06-12 20:18:00,2024-06-13 02:18:00,2024-06-12 20:18:00,2024-06-13 02:18:00,0,On-Time
F000530,SKY104,AC003,AID001,AID006,2024-06-13 18:30:00,2024-06-14 08:30:00,2024-06-13 19:10:00,2024-06-14 09:10:00,40,Delayed
F000531,SKY104,AC016,AID001,AID006,2024-06-14 10:31:00,2024-06-14 22:31:00,2024-06-14 10:31:00,2024-06-14 22:31:00,0,On-Time
F000532,SKY110,AC007,AID002,AID012,2024-06-15 02:59:00,2024-06-15 05:59:00,2024-06-15 02:59:00,2024-06-15 05:59:00,0,On-Time
F000533,SKY112,AC002,AID002,AID005,2024-06-16 19:09:00,2024-06-17 03:09:00,2024-06-16 19:09:00,2024-06-17 03:09:00,0,On-Time
F000534,SKY107,AC014,AID001,AID011,2024-06-17 06:03:00,2024-06-17 10:03:00,2024-06-17 06:03:00,2024-06-17 10:03:00,0,On-Time
F000535,SKY152,AC006,AID012,AID001,2024-06-18 09:17:00,2024-06-18 23:17:00,2024-06-18 09:17:00,2024-06-18 23:17:00,0,On-Time
F000536,SKY132,AC012,AID007,AID004,2024-06-19 16:10:00,2024-06-19 22:10:00,2024-06-19 16:10:00,2024-06-19 22:10:00,0,On-Time
F000537,SKY157,AC019,AID015,AID003,2024-06-20 01:44:00,2024-06-20 05:44:00,2024-06-20 01:44:00,2024-06-20 05:44:00,0,On-Time
F000538,SKY147,AC015,AID014,AID001,2024-06-21 17:11:00,2024-06-21 23:11:00,2024-06-21 17:11:00,2024-06-21 23:11:00,0,On-Time
F000539,SKY104,AC002,AID001,AID006,2024-06-22 10:37:00,2024-06-22 19:37:00,2024-06-22 10:37:00,2024-06-22 19:37:00,0,On-Time
F000540,SKY112,AC013,AID002,AID005,2024-06-23 03:44:00,2024-06-23 17:44:00,2024-06-23 03:44:00,2024-06-23 17:44:00,0,On-Time
F000541,SKY132,AC002,AID007,AID004,2024-06-24 03:05:00,2024-06-24 11:05:00,2024-06-24 03:05:00,2024-06-24 11:05:00,0,On-Time
F000542,SKY156,AC008,AID013,AID015,2024-06-25 23:27:00,2024-06-26 07:27:00,2024-06-25 23:27:00,2024-06-26 07:27:00,0,On-Time
F000543,SKY141,AC016,AID008,AID002,2024-06-26 06:18:00,2024-06-26 15:18:00,2024-06-26 06:18:00,2024-06-26 15:18:00,0,On-Time
F000544,SKY146,AC002,AID011,AID014,2024-06-27 10:42:00,2024-06-27 12:42:00,2024-06-27 10:59:00,2024-06-27 12:59:00,17,Delayed
F000545,SKY137,AC004,AID005,AID003,2024-06-28 08:47:00,2024-06-28 14:47:00,2024-06-28 08:47:00,2024-06-28 14:47:00,0,On-Time
F000546,SKY125,AC014,AID004,AID013,2024-06-29 23:38:00,2024-06-30 04:38:00,2024-06-29 23:38:00,2024-06-30 04:38:00,0,On-Time
F000547,SKY142,AC002,AID008,AID011,2024-06-30 06:05:00,2024-06-30 10:05:00,2024-06-30 06:05:00,2024-06-30 10:05:00,0,On-Time
F000548,SKY157,AC017,AID015,AID003,2024-07-01 12:27:00,2024-07-01 18:27:00,2024-07-01 12:27:00,2024-07-01 18:27:00,0,On-Time
F000549,SKY111,AC008,AID002,AID008,2024-07-02 08:22:00,2024-07-02 22:22:00,2024-07-02 08:22:00,2024-07-02 22:22:00,0,On-Time
F000550,SKY102,AC012,AID001,AID003,2024-07-03 09:07:00,2024-07-03 19:07:00,2024-07-03 09:07:00,2024-07-03 19:07:00,0,On-Time
F000551,SKY126,AC017,AID004,AID015,2024-07-04 12:54:00,2024-07-04 18:54:00,2024-07-04 12:54:00,2024-07-04 18:54:00,0,On-Time
F000552,SKY135,AC013,AID005,AID001,2024-07-05 18:31:00,2024-07-06 01:31:00,2024-07-05 18:31:00,2024-07-06 01:31:00,0,On-Time
F000553,SKY147,AC004,AID014,AID001,2024-07-06 21:21:00,2024-07-07 02:21:00,2024-07-06 21:21:00,2024-07-07 02:21:00,0,On-Time
F000554,SKY135,AC018,AID005,AID001,2024-07-07 12:10:00,2024-07-07 20:10:00,2024-07-07 12:10:00,2024-07-07 20:10:00,0,On-Time
F000555,SKY160,AC017,AID010,AID003,2024-07-08 22:34:00,2024-07-09 02:34:00,2024-07-08 22:34:00,2024-07-09 02:34:00,0,On-Time
F000556,SKY134,AC012,AID007,AID013,2024-07-09 22:43:00,2024-07-10 05:43:00,2024-07-09 23:13:00,2024-07-10 06:13:00,30,Delayed
F000557,SKY137,AC015,AID005,AID003,2024-07-10 08:26:00,2024-07-10 13:26:00,2024-07-10 08:55:00,2024-07-10 13:55:00,29,Delayed
F000558,SKY110,AC014,AID002,AID012,2024-07-11 22:18:00,2024-07-12 02:18:00,2024-07-11 22:18:00,2024-07-12 02:18:00,0,On-Time
F000559,SKY113,AC003,AID002,AID003,2024-07-12 08:15:00,2024-07-12 16:15:00,2024-07-12 08:15:00,2024-07-12 16:15:00,0,On-Time
F000560,SKY125,AC005,AID004,AID013,2024-07-13 10:50:00,2024-07-13 14:50:00,2024-07-13 10:50:00,2024-07-13 14:50:00,0,On-Time
F000561,SKY152,AC008,AID012,AID001,2024-07-14 20:57:00,2024-07-15 10:57:00,2024-07-14 20:57:00,2024-07-15 10:57:00,0,On-Time
F000562,SKY116,AC001,AID009,AID006,2024-07-15 13:34:00,2024-07-16 03:34:00,2024-07-15 13:34:00,2024-07-16 03:34:00,0,On-Time
F000563,SKY101,AC012,AID001,AID009,2024-07-16 11:55:00,2024-07-17 01:55:00,2024-07-16 11:55:00,2024-07-17 01:55:00,0,On-Time
F000564,SKY137,AC010,AID005,AID003,2024-07-17 20:36:00,2024-07-18 02:36:00,2024-07-17 20:36:00,2024-07-18 02:36:00,0,On-Time
F000565,SKY142,AC013,AID008,AID011,2024-07-18 03:08:00,2024-07-18 05:08:00,2024-07-18 04:02:00,2024-07-18 06:02:00,54,Delayed
F000566,SKY125,AC019,AID004,AID013,2024-07-19 20:12:00,2024-07-20 02:12:00,2024-07-19 20:12:00,2024-07-20 02:12:00,0,On-Time
F000567,SKY132,AC007,AID007,AID004,2024-07-20 08:13:00,2024-07-20 14:13:00,2024-07-20 08:52:00,2024-07-20 14:52:00,39,Delayed
F000568,SKY150,AC009,AID012,AID002,2024-07-21 19:34:00,2024-07-21 23:34:00,2024-07-21 19:34:00,2024-07-21 23:34:00,0,On-Time
F000569,SKY119,AC018,AID003,AID015,2024-07-22 14:30:00,2024-07-22 20:30:00,2024-07-22 14:30:00,2024-07-22 20:30:00,0,On-Time
F000570,SKY104,AC006,AID001,AID006,2024-07-23 20:26:00,2024-07-24 08:26:00,2024-07-23 20:52:00,2024-07-24 08:52:00,26,Delayed
F000571,SKY140,AC016,AID008,AID001,2024-07-24 20:22:00,2024-07-24 22:22:00,2024-07-24 20:22:00,2024-07-24 22:22:00,0,On-Time
F000572,SKY159,AC017,AID015,AID013,2024-07-25 19:06:00,2024-07-26 02:06:00,2024-07-25 19:06:00,2024-07-26 02:06:00,0,On-Time
F000573,SKY141,AC017,AID008,AID002,2024-07-26 11:07:00,2024-07-27 00:07:00,2024-07-26 11:07:00,2024-07-27 00:07:00,0,On-Time
F000574,SKY150,AC002,AID012,AID002,2024-07-27 12:38:00,2024-07-27 14:38:00,2024-07-27 13:28:00,2024-07-27 15:28:00,50,Delayed
F000575,SKY107,AC004,AID001,AID011,2024-07-28 09:46:00,2024-07-28 13:46:00,2024-07-28 10:25:00,2024-07-28 14:25:00,39,Delayed
F000576,SKY100,AC003,AID001,AID002,2024-07-29 19:41:00,2024-07-30 03:41:00,2024-07-29 19:41:00,2024-07-30 03:41:00,0,On-Time
F000577,SKY122,AC003,AID003,AID004,2024-07-30 18:24:00,2024-07-31 01:24:00,2024-07-30 18:24:00,2024-07-31 01:24:00,0,On-Time
F000578,SKY122,AC013,AID003,AID004,2024-07-31 11:31:00,2024-07-31 16:31:00,2024-07-31 11:31:00,2024-07-31 16:31:00,0,On-Time
F000579,SKY151,AC018,AID012,AID009,2024-08-01 21:32:00,2024-08-02 05:32:00,2024-08-01 21:32:00,2024-08-02 05:32:00,0,On-Time
F000580,SKY141,AC018,AID008,AID002,2024-08-02 15:20:00,2024-08-03 02:20:00,2024-08-02 16:08:00,2024-08-03 03:08:00,48,Delayed
F000581,SKY150,AC004,AID012,AID002,2024-08-03 18:08:00,2024-08-03 22:08:00,2024-08-03 18:08:00,2024-08-03 22:08:00,0,On-Time
F000582,SKY113,AC013,AID002,AID003,2024-08-04 08:49:00,2024-08-04 20:49:00,2024-08-04 08:49:00,2024-08-04 20:49:00,0,On-Time
F000583,SKY108,AC007,AID002,AID001,2024-08-05 19:01:00,2024-08-06 04:01:00,2024-08-05 19:01:00,2024-08-06 04:01:00,0,On-Time
F000584,SKY139,AC006,AID005,AID014,2024-08-06 14:34:00,2024-08-06 16:34:00,2024-08-06 14:34:00,2024-08-06 16:34:00,0,On-Time
F000585,SKY133,AC007,AID007,AID006,2024-08-07 09:41:00,2024-08-07 17:41:00,2024-08-07 10:03:00,2024-08-07 18:03:00,22,Delayed
F000586,SKY149,AC005,AID014,AID008,2024-08-08 13:09:00,2024-08-08 16:09:00,2024-08-08 13:09:00,2024-08-08 16:09:00,0,On-Time
F000587,SKY105,AC010,AID001,AID005,2024-08-09 08:25:00,2024-08-09 13:25:00,2024-08-09 08:25:00,2024-08-09 13:25:00,0,On-Time
F000588,SKY115,AC014,AID009,AID012,2024-08-10 21:02:00,2024-08-11 05:02:00,2024-08-10 21:02:00,2024-08-11 05:02:00,0,On-Time
F000589,SKY128,AC007,AID006,AID004,2024-08-11 00:49:00,2024-08-11 08:49:00,2024-08-11 01:36:00,2024-08-11 09:36:00,47,Delayed
F000590,SKY110,AC016,AID002,AID012,2024-08-12 03:36:00,2024-08-12 05:36:00,2024-08-12 03:48:00,2024-08-12 05:48:00,12,Delayed
F000591,SKY158,AC008,AID015,AID004,2024-08-13 07:53:00,2024-08-13 14:53:00,2024-08-13 07:53:00,2024-08-13 14:53:00,0,On-Time
F000592,SKY139,AC013,AID005,AID014,2024-08-14 20:31:00,2024-08-14 23:31:00,2024-08-14 20:31:00,2024-08-14 23:31:00,0,On-Time
F000593,SKY124,AC003,AID004,AID007,2024-08-15 11:52:00,2024-08-15 19:52:00,2024-08-15 11:52:00,2024-08-15 19:52:00,0,On-Time
F000594,SKY118,AC015,AID003,AID001,2024-08-16 07:09:00,2024-08-16 20:09:00,2024-08-16 07:09:00,2024-08-16 20:09:00,0,On-Time
F000595,SKY134,AC009,AID007,AID013,2024-08-17 07:59:00,2024-08-17 15:59:00,2024-08-17 07:59:00,2024-08-17 15:59:00,0,On-Time
F000596,SKY118,AC015,AID003,AID001,2024-08-18 21:52:00,2024-08-19 05:52:00,2024-08-18 21:52:00,2024-08-19 05:52:00,0,On-Time
F000597,SKY160,AC009,AID010,AID003,2024-08-19 20:58:00,2024-08-19 22:58:00,2024-08-19 20:58:00,2024-08-19 22:58:00,0,On-Time
F000598,SKY129,AC016,AID006,AID013,2024-08-20 00:18:00,2024-08-20 04:18:00,2024-08-20 01:17:00,2024-08-20 05:17:00,59,Delayed
F000599,SKY131,AC017,AID006,AID003,2024-08-21 05:30:00,2024-08-21 19:30:00,2024-08-21 05:30:00,2024-08-21 19:30:00,0,On-Time
F000600,SKY119,AC005,AID003,AID015,2024-08-22 12:01:00,2024-08-22 20:01:00,2024-08-22 12:37:00,2024-08-22 20:37:00,36,Delayed
F000601,SKY154,AC018,AID013,AID006,2024-08-23 21:51:00,2024-08-24 01:51:00,2024-08-23 21:51:00,2024-08-24 01:51:00,0,On-Time
F000602,SKY135,AC014,AID005,AID001,2024-08-24 06:10:00,2024-08-24 10:10:00,2024-08-24 06:10:00,2024-08-24 10:10:00,0,On-Time
F000603,SKY119,AC006,AID003,AID015,2024-08-25 23:55:00,2024-08-26 04:55:00,2024-08-25 23:55:00,2024-08-26 04:55:00,0,On-Time
F000604,SKY142,AC004,AID008,AID011,2024-08-26 05:07:00,2024-08-26 08:07:00,2024-08-26 05:07:00,2024-08-26 08:07:00,0,On-Time
F000605,SKY129,AC019,AID006,AID013,2024-08-27 06:58:00,2024-08-27 08:58:00,2024-08-27 06:58:00,2024-08-27 08:58:00,0,On-Time
F000606,SKY156,AC019,AID013,AID015,2024-08-28 17:49:00,2024-08-29 01:49:00,2024-08-28 18:25:00,2024-08-29 02:25:00,36,Delayed
F000607,SKY115,AC007,AID009,AID012,2024-08-29 17:10:00,2024-08-29 23:10:00,2024-08-29 17:10:00,2024-08-29 23:10:00,0,On-Time
F000608,SKY133,AC015,AID007,AID006,2024-08-30 09:54:00,2024-08-30 20:54:00,2024-08-30 09:54:00,2024-08-30 20:54:00,0,On-Time
F000609,SKY113,AC006,AID002,AID003,2024-08-31 22:37:00,2024-09-01 09:37:00,2024-08-31 22:37:00,2024-09-01 09:37:00,0,On-Time
F000610,SKY110,AC005,AID002,AID012,2024-09-01 07:40:00,2024-09-01 09:40:00,2024-09-01 08:05:00,2024-09-01 10:05:00,25,Delayed
F000611,SKY133,AC011,AID007,AID006,2024-09-02 06:14:00,2024-09-02 15:14:00,2024-09-02 06:14:00,2024-09-02 15:14:00,0,On-Time
F000612,SKY116,AC012,AID009,AID006,2024-09-03 03:30:00,2024-09-03 12:30:00,2024-09-03 03:30:00,2024-09-03 12:30:00,0,On-Time
F000613,SKY157,AC001,AID015,AID003,2024-09-04 06:47:00,2024-09-04 10:47:00,2024-09-04 06:47:00,2024-09-04 10:47:00,0,On-Time
F000614,SKY126,AC018,AID004,AID015,2024-09-05 18:25:00,2024-09-06 02:25:00,2024-09-05 18:25:00,2024-09-06 02:25:00,0,On-Time
F000615,SKY112,AC014,AID002,AID005,2024-09-06 06:37:00,2024-09-06 16:37:00,2024-09-06 06:37:00,2024-09-06 16:37:00,0,On-Time
F000616,SKY136,AC004,AID005,AID002,2024-09-07 19:38:00,2024-09-08 07:38:00,2024-09-07 19:38:00,2024-09-08 07:38:00,0,On-Time
F000617,SKY131,AC009,AID006,AID003,2024-09-08 15:42:00,2024-09-09 03:42:00,2024-09-08 15:42:00,2024-09-09 03:42:00,0,On-Time
F000618,SKY112,AC003,AID002,AID005,2024-09-09 19:33:00,2024-09-10 03:33:00,2024-09-09 19:33:00,2024-09-10 03:33:00,0,On-Time
F000619,SKY151,AC010,AID012,AID009,2024-09-10 11:32:00,2024-09-10 15:32:00,2024-09-10 11:50:00,2024-09-10 15:50:00,18,Delayed
F000620,SKY147,AC012,AID014,AID001,2024-09-11 05:05:00,2024-09-11 13:05:00,2024-09-11 05:05:00,2024-09-11 13:05:00,0,On-Time
F000621,SKY136,AC007,AID005,AID002,2024-09-12 11:46:00,2024-09-12 19:46:00,2024-09-12 11:46:00,2024-09-12 19:46:00,0,On-Time
F000622,SKY123,AC012,AID004,AID006,2024-09-13 00:34:00,2024-09-13 04:34:00,2024-09-13 00:34:00,2024-09-13 04:34:00,0,On-Time
F000623,SKY117,AC006,AID009,AID007,2024-09-14 12:19:00,2024-09-15 02:19:00,2024-09-14 12:19:00,2024-09-15 02:19:00,0,On-Time
F000624,SKY123,AC006,AID004,AID006,2024-09-15 15:34:00,2024-09-15 20:34:00,2024-09-15 15:34:00,2024-09-15 20:34:00,0,On-Time
F000625,SKY154,AC007,AID013,AID006,2024-09-16 01:25:00,2024-09-16 03:25:00,2024-09-16 01:25:00,2024-09-16 03:25:00,0,On-Time
F000626,SKY146,AC014,AID011,AID014,2024-09-17 07:46:00,2024-09-17 10:46:00,2024-09-17 07:46:00,2024-09-17 10:46:00,0,On-Time
F000627,SKY146,AC009,AID011,AID014,2024-09-18 11:47:00,2024-09-18 14:47:00,2024-09-18 11:47:00,2024-09-18 14:47:00,0,On-Time
F000628,SKY124,AC009,AID004,AID007,2024-09-19 01:17:00,2024-09-19 06:17:00,2024-09-19 01:17:00,2024-09-19 06:17:00,0,On-Time
F000629,SKY102,AC008,AID001,AID003,2024-09-20 06:23:00,2024-09-20 16:23:00,2024-09-20 06:23:00,2024-09-20 16:23:00,0,On-Time
F000630,SKY148,AC012,AID014,AID005,2024-09-21 09:38:00,2024-09-21 11:38:00,2024-09-21 10:33:00,2024-09-21 12:33:00,55,Delayed
F000631,SKY125,AC010,AID004,AID013,2024-09-22 17:51:00,2024-09-22 23:51:00,2024-09-22 17:51:00,2024-09-22 23:51:00,0,On-Time
F000632,SKY108,AC001,AID002,AID001,2024-09-23 02:20:00,2024-09-23 12:20:00,2024-09-23 02:20:00,2024-09-23 12:20:00,0,On-Time
F000633,SKY145,AC012,AID011,AID005,2024-09-24 07:32:00,2024-09-24 10:32:00,2024-09-24 07:32:00,2024-09-24 10:32:00,0,On-Time
F000634,SKY158,AC018,AID015,AID004,2024-09-25 11:08:00,2024-09-25 16:08:00,2024-09-25 11:08:00,2024-09-25 16:08:00,0,On-Time
F000635,SKY122,AC016,AID003,AID004,2024-09-26 15:22:00,2024-09-26 22:22:00,2024-09-26 15:22:00,2024-09-26 22:22:00,0,On-Time
F000636,SKY140,AC017,AID008,AID001,2024-09-27 18:17:00,2024-09-27 21:17:00,2024-09-27 18:17:00,2024-09-27 21:17:00,0,On-Time
F000637,SKY133,AC018,AID007,AID006,2024-09-28 16:17:00,2024-09-29 00:17:00,2024-09-28 16:17:00,2024-09-29 00:17:00,0,On-Time
F000638,SKY135,AC001,AID005,AID001,2024-09-29 13:29:00,2024-09-29 17:29:00,2024-09-29 13:49:00,2024-09-29 17:49:00,20,Delayed
F000639,SKY110,AC004,AID002,AID012,2024-09-30 13:01:00,2024-09-30 16:01:00,2024-09-30 13:01:00,2024-09-30 16:01:00,0,On-Time
F000640,SKY102,AC019,AID001,AID003,2024-10-01 02:22:00,2024-10-01 12:22:00,2024-10-01 02:22:00,2024-10-01 12:22:00,0,On-Time
F000641,SKY118,AC012,AID003,AID001,2024-10-02 23:52:00,2024-10-03 12:52:00,2024-10-03 00:19:00,2024-10-03 13:19:00,27,Delayed
F000642,SKY115,AC013,AID009,AID012,2024-10-03 11:01:00,2024-10-03 18:01:00,2024-10-03 11:01:00,2024-10-03 18:01:00,0,On-Time
F000643,SKY148,AC015,AID014,AID005,2024-10-04 06:00:00,2024-10-04 08:00:00,2024-10-04 06:45:00,2024-10-04 08:45:00,45,Delayed
F000644,SKY129,AC002,AID006,AID013,2024-10-05 09:57:00,2024-10-05 12:57:00,2024-10-05 10:40:00,2024-10-05 13:40:00,43,Delayed
F000645,SKY140,AC017,AID008,AID001,2024-10-06 11:00:00,2024-10-06 13:00:00,2024-10-06 11:00:00,2024-10-06 13:00:00,0,On-Time
F000646,SKY159,AC002,AID015,AID013,2024-10-07 03:13:00,2024-10-07 09:13:00,2024-10-07 03:13:00,2024-10-07 09:13:00,0,On-Time
F000647,SKY130,AC009,AID006,AID007,2024-10-08 16:57:00,2024-10-09 05:57:00,2024-10-08 16:57:00,2024-10-09 05:57:00,0,On-Time
F000648,SKY127,AC004,AID004,AID003,2024-10-09 17:53:00,2024-10-10 01:53:00,2024-10-09 17:53:00,2024-10-10 01:53:00,0,On-Time
F000649,SKY156,AC015,AID013,AID015,2024-10-10 12:32:00,2024-10-10 20:32:00,2024-10-10 12:32:00,2024-10-10 20:32:00,0,On-Time
F000650,SKY121,AC015,AID003,AID006,2024-10-11 23:20:00,2024-10-12 10:20:00,2024-10-11 23:20:00,2024-10-12 10:20:00,0,On-Time
F000651,SKY134,AC009,AID007,AID013,2024-10-12 15:50:00,2024-10-12 22:50:00,2024-10-12 15:50:00,2024-10-12 22:50:00,0,On-Time
F000652,SKY158,AC016,AID015,AID004,2024-10-13 04:48:00,2024-10-13 10:48:00,2024-10-13 04:48:00,2024-10-13 10:48:00,0,On-Time
F000653,SKY147,AC004,AID014,AID001,2024-10-14 14:11:00,2024-10-14 18:11:00,2024-10-14 14:11:00,2024-10-14 18:11:00,0,On-Time
F000654,SKY117,AC015,AID009,AID007,2024-10-15 13:05:00,2024-10-15 23:05:00,2024-10-15 13:05:00,2024-10-15 23:05:00,0,On-Time
F000655,SKY110,AC010,AID002,AID012,2024-10-16 02:23:00,2024-10-16 06:23:00,2024-10-16 02:23:00,2024-10-16 06:23:00,0,On-Time
F000656,SKY151,AC007,AID012,AID009,2024-10-17 17:26:00,2024-10-17 23:26:00,2024-10-17 18:20:00,2024-10-18 00:20:00,54,Delayed
F000657,SKY147,AC003,AID014,AID001,2024-10-18 08:47:00,2024-10-18 15:47:00,2024-10-18 08:47:00,2024-10-18 15:47:00,0,On-Time
F000658,SKY158,AC013,AID015,AID004,2024-10-19 09:18:00,2024-10-19 14:18:00,2024-10-19 09:54:00,2024-10-19 14:54:00,36,Delayed
F000659,SKY113,AC008,AID002,AID003,2024-10-20 21:45:00,2024-10-21 06:45:00,2024-10-20 21:45:00,2024-10-21 06:45:00,0,On-Time
F000660,SKY154,AC005,AID013,AID006,2024-10-21 15:58:00,2024-10-21 19:58:00,2024-10-21 15:58:00,2024-10-21 19:58:00,0,On-Time
F000661,SKY115,AC011,AID009,AID012,2024-10-22 15:23:00,2024-10-22 23:23:00,2024-10-22 16:20:00,2024-10-23 00:20:00,57,Delayed
F000662,SKY117,AC003,AID009,AID007,2024-10-23 09:15:00,2024-10-23 21:15:00,2024-10-23 09:15:00,2024-10-23 21:15:00,0,On-Time
F000663,SKY116,AC003,AID009,AID006,2024-10-24 01:27:00,2024-10-24 10:27:00,2024-10-24 01:27:00,2024-10-24 10:27:00,0,On-Time
F000664,SKY124,AC009,AID004,AID007,2024-10-25 13:55:00,2024-10-25 19:55:00,2024-10-25 13:55:00,2024-10-25 19:55:00,0,On-Time
F000665,SKY134,AC016,AID007,AID013,2024-10-26 01:26:00,2024-10-26 05:26:00,2024-10-26 01:26:00,2024-10-26 05:26:00,0,On-Time
F000666,SKY125,AC019,AID004,AID013,2024-10-27 02:19:00,2024-10-27 07:19:00,2024-10-27 02:58:00,2024-10-27 07:58:00,39,Delayed
F000667,SKY137,AC013,AID005,AID003,2024-10-28 00:14:00,2024-10-28 08:14:00,2024-10-28 00:14:00,2024-10-28 08:14:00,0,On-Time
F000668,SKY101,AC017,AID001,AID009,2024-10-29 18:53:00,2024-10-30 07:53:00,2024-10-29 18:53:00,2024-10-30 07:53:00,0,On-Time
F000669,SKY148,AC012,AID014,AID005,2024-10-30 20:17:00,2024-10-30 23:17:00,2024-10-30 20:17:00,2024-10-30 23:17:00,0,On-Time
F000670,SKY134,AC009,AID007,AID013,2024-10-31 11:08:00,2024-10-31 16:08:00,2024-10-31 11:08:00,2024-10-31 16:08:00,0,On-Time
F000671,SKY146,AC011,AID011,AID014,2024-11-01 10:55:00,2024-11-01 13:55:00,2024-11-01 10:55:00,2024-11-01 13:55:00,0,On-Time
F000672,SKY135,AC004,AID005,AID001,2024-11-02 10:50:00,2024-11-02 18:50:00,2024-11-02 10:50:00,2024-11-02 18:50:00,0,On-Time
F000673,SKY153,AC002,AID013,AID004,2024-11-03 08:22:00,2024-11-03 12:22:00,2024-11-03 08:52:00,2024-11-03 12:52:00,30,Delayed
F000674,SKY142,AC014,AID008,AID011,2024-11-04 19:42:00,2024-11-04 23:42:00,2024-11-04 19:42:00,2024-11-04 23:42:00,0,On-Time
F000675,SKY140,AC018,AID008,AID001,2024-11-05 12:32:00,2024-11-05 14:32:00,2024-11-05 12:49:00,2024-11-05 14:49:00,17,Delayed
F000676,SKY131,AC005,AID006,AID003,2024-11-06 09:20:00,2024-11-06 19:20:00,2024-11-06 09:20:00,2024-11-06 19:20:00,0,On-Time
F000677,SKY159,AC017,AID015,AID013,2024-11-07 06:21:00,2024-11-07 13:21:00,2024-11-07 06:21:00,2024-11-07 13:21:00,0,On-Time
F000678,SKY141,AC006,AID008,AID002,2024-11-08 08:14:00,2024-11-08 18:14:00,2024-11-08 08:14:00,2024-11-08 18:14:00,0,On-Time
F000679,SKY138,AC013,AID005,AID011,2024-11-09 05:23:00,2024-11-09 08:23:00,2024-11-09 06:23:00,2024-11-09 09:23:00,60,Delayed
F000680,SKY113,AC016,AID002,AID003,2024-11-10 13:36:00,2024-11-11 03:36:00,2024-11-10 13:36:00,2024-11-11 03:36:00,0,On-Time
F000681,SKY139,AC016,AID005,AID014,2024-11-11 05:58:00,2024-11-11 09:58:00,2024-11-11 05:58:00,2024-11-11 09:58:00,0,On-Time
F000682,SKY123,AC006,AID004,AID006,2024-11-12 03:43:00,2024-11-12 08:43:00,2024-11-12 03:43:00,2024-11-12 08:43:00,0,On-Time
F000683,SKY113,AC008,AID002,AID003,2024-11-13 14:59:00,2024-11-13 22:59:00,2024-11-13 14:59:00,2024-11-13 22:59:00,0,On-Time
F000684,SKY124,AC016,AID004,AID007,2024-11-14 16:29:00,2024-11-14 22:29:00,2024-11-14 16:29:00,2024-11-14 22:29:00,0,On-Time
F000685,SKY104,AC014,AID001,AID006,2024-11-15 04:42:00,2024-11-15 15:42:00,2024-11-15 04:42:00,2024-11-15 15:42:00,0,On-Time
F000686,SKY139,AC004,AID005,AID014,2024-11-16 12:35:00,2024-11-16 16:35:00,2024-11-16 12:35:00,2024-11-16 16:35:00,0,On-Time
F000687,SKY107,AC011,AID001,AID011,2024-11-17 16:04:00,2024-11-17 18:04:00,2024-11-17 16:04:00,2024-11-17 18:04:00,0,On-Time
F000688,SKY125,AC008,AID004,AID013,2024-11-18 16:39:00,2024-11-19 00:39:00,2024-11-18 16:39:00,2024-11-19 00:39:00,0,On-Time
F000689,SKY124,AC005,AID004,AID007,2024-11-19 02:55:00,2024-11-19 07:55:00,2024-11-19 02:55:00,2024-11-19 07:55:00,0,On-Time
F000690,SKY151,AC007,AID012,AID009,2024-11-20 07:11:00,2024-11-20 13:11:00,2024-11-20 07:11:00,2024-11-20 13:11:00,0,On-Time
F000691,SKY120,AC010,AID003,AID010,2024-11-21 18:40:00,2024-11-21 21:40:00,2024-11-21 18:40:00,2024-11-21 21:40:00,0,On-Time
F000692,SKY119,AC002,AID003,AID015,2024-11-22 14:30:00,2024-11-22 22:30:00,2024-11-22 14:30:00,2024-11-22 22:30:00,0,On-Time
F000693,SKY103,AC011,AID001,AID004,2024-11-23 16:50:00,2024-11-24 04:50:00,2024-11-23 16:50:00,2024-11-24 04:50:00,0,On-Time
F000694,SKY107,AC019,AID001,AID011,2024-11-24 09:05:00,2024-11-24 12:05:00,2024-11-24 09:05:00,2024-11-24 12:05:00,0,On-Time
F000695,SKY107,AC002,AID001,AID011,2024-11-25 15:14:00,2024-11-25 17:14:00,2024-11-25 16:14:00,2024-11-25 18:14:00,60,Delayed
F000696,SKY143,AC012,AID008,AID014,2024-11-26 23:24:00,2024-11-27 03:24:00,2024-11-26 23:24:00,2024-11-27 03:24:00,0,On-Time
F000697,SKY120,AC005,AID003,AID010,2024-11-27 14:46:00,2024-11-27 17:46:00,2024-11-27 14:57:00,2024-11-27 17:57:00,11,Delayed
F000698,SKY140,AC004,AID008,AID001,2024-11-28 08:25:00,2024-11-28 11:25:00,2024-11-28 08:25:00,2024-11-28 11:25:00,0,On-Time
F000699,SKY121,AC010,AID003,AID006,2024-11-29 04:58:00,2024-11-29 18:58:00,2024-11-29 04:58:00,2024-11-29 18:58:00,0,On-Time
F000700,SKY108,AC015,AID002,AID001,2024-11-30 16:29:00,2024-12-01 02:29:00,2024-11-30 16:29:00,2024-12-01 02:29:00,0,On-Time
F000701,SKY108,AC001,AID002,AID001,2024-12-01 01:16:00,2024-12-01 09:16:00,2024-12-01 01:54:00,2024-12-01 09:54:00,38,Delayed
F000702,SKY143,AC011,AID008,AID014,2024-12-02 13:36:00,2024-12-02 17:36:00,2024-12-02 14:08:00,2024-12-02 18:08:00,32,Delayed
F000703,SKY120,AC002,AID003,AID010,2024-12-03 12:27:00,2024-12-03 16:27:00,2024-12-03 12:27:00,2024-12-03 16:27:00,0,On-Time
F000704,SKY105,AC008,AID001,AID005,2024-12-04 19:09:00,2024-12-05 02:09:00,2024-12-04 19:09:00,2024-12-05 02:09:00,0,On-Time
F000705,SKY100,AC014,AID001,AID002,2024-12-05 01:54:00,2024-12-05 13:54:00,2024-12-05 01:54:00,2024-12-05 13:54:00,0,On-Time
F000706,SKY147,AC007,AID014,AID001,2024-12-06 16:49:00,2024-12-06 21:49:00,2024-12-06 16:49:00,2024-12-06 21:49:00,0,On-Time
F000707,SKY117,AC013,AID009,AID007,2024-12-07 02:34:00,2024-12-07 14:34:00,2024-12-07 02:34:00,2024-12-07 14:34:00,0,On-Time
F000708,SKY102,AC005,AID001,AID003,2024-12-08 16:07:00,2024-12-09 00:07:00,2024-12-08 16:48:00,2024-12-09 00:48:00,41,Delayed
F000709,SKY136,AC008,AID005,AID002,2024-12-09 06:15:00,2024-12-09 16:15:00,2024-12-09 06:15:00,2024-12-09 16:15:00,0,On-Time
F000710,SKY147,AC011,AID014,AID001,2024-12-10 14:08:00,2024-12-10 21:08:00,2024-12-10 14:08:00,2024-12-10 21:08:00,0,On-Time
F000711,SKY120,AC011,AID003,AID010,2024-12-11 08:56:00,2024-12-11 11:56:00,2024-12-11 08:56:00,2024-12-11 11:56:00,0,On-Time
F000712,SKY139,AC014,AID005,AID014,2024-12-12 05:18:00,2024-12-12 09:18:00,2024-12-12 05:42:00,2024-12-12 09:42:00,24,Delayed
F000713,SKY150,AC017,AID012,AID002,2024-12-13 07:36:00,2024-12-13 11:36:00,2024-12-13 07:36:00,2024-12-13 11:36:00,0,On-Time
F000714,SKY143,AC007,AID008,AID014,2024-12-14 18:05:00,2024-12-14 21:05:00,2024-12-14 18:05:00,2024-12-14 21:05:00,0,On-Time
F000715,SKY126,AC015,AID004,AID015,2024-12-15 04:45:00,2024-12-15 08:45:00,2024-12-15 04:45:00,2024-12-15 08:45:00,0,On-Time
F000716,SKY160,AC012,AID010,AID003,2024-12-16 01:58:00,2024-12-16 03:58:00,2024-12-16 01:58:00,2024-12-16 03:58:00,0,On-Time
F000717,SKY132,AC014,AID007,AID004,2024-12-17 22:54:00,2024-12-18 03:54:00,2024-12-17 22:54:00,2024-12-18 03:54:00,0,On-Time
F000718,SKY135,AC008,AID005,AID001,2024-12-18 21:36:00,2024-12-19 04:36:00,2024-12-18 21:59:00,2024-12-19 04:59:00,23,Delayed
F000719,SKY138,AC001,AID005,AID011,2024-12-19 21:53:00,2024-12-20 01:53:00,2024-12-19 21:53:00,2024-12-20 01:53:00,0,On-Time
F000720,SKY106,AC018,AID001,AID008,2024-12-20 08:17:00,2024-12-20 12:17:00,2024-12-20 08:17:00,2024-12-20 12:17:00,0,On-Time
F000721,SKY124,AC002,AID004,AID007,2024-12-21 02:38:00,2024-12-21 09:38:00,2024-12-21 02:38:00,2024-12-21 09:38:00,0,On-Time
F000722,SKY151,AC001,AID012,AID009,2024-12-22 20:41:00,2024-12-23 00:41:00,2024-12-22 20:41:00,2024-12-23 00:41:00,0,On-Time
F000723,SKY134,AC009,AID007,AID013,2024-12-23 22:43:00,2024-12-24 03:43:00,2024-12-23 22:43:00,2024-12-24 03:43:00,0,On-Time
F000724,SKY119,AC006,AID003,AID015,2024-12-24 22:27:00,2024-12-25 06:27:00,2024-12-24 22:27:00,2024-12-25 06:27:00,0,On-Time
F000725,SKY151,AC015,AID012,AID009,2024-12-25 15:42:00,2024-12-25 21:42:00,2024-12-25 16:31:00,2024-12-25 22:31:00,49,Delayed
F000726,SKY113,AC017,AID002,AID003,2024-12-26 01:00:00,2024-12-26 09:00:00,2024-12-26 01:00:00,2024-12-26 09:00:00,0,On-Time
F000727,SKY113,AC002,AID002,AID003,2024-12-27 05:58:00,2024-12-27 16:58:00,2024-12-27 05:58:00,2024-12-27 16:58:00,0,On-Time
F000728,SKY124,AC014,AID004,AID007,2024-12-28 16:23:00,2024-12-28 22:23:00,2024-12-28 16:23:00,2024-12-28 22:23:00,0,On-Time
F000729,SKY105,AC002,AID001,AID005,2024-12-29 12:46:00,2024-12-29 16:46:00,2024-12-29 12:46:00,2024-12-29 16:46:00,0,On-Time
F000730,SKY101,AC014,AID001,AID009,2024-12-30 02:23:00,2024-12-30 16:23:00,2024-12-30 03:02:00,2024-12-30 17:02:00,39,Delayed
F000731,SKY107,AC018,AID001,AID011,2024-12-31 07:22:00,2024-12-31 10:22:00,2024-12-31 07:22:00,2024-12-31 10:22:00,0,On-Time
