ID,Comp_time
T0000001,2026-04-03 14:35:20.870
T0000002,2026-04-03 03:35:20.870
T0000003,2026-04-04 02:35:20.870
T0000004,2026-04-05 06:35:20.870
T0000005,2026-04-02 20:35:20.870
T0000006,2026-04-02 20:35:20.870
T0000007,2026-04-03 07:35:20.870
T0000008,2026-04-03 09:35:20.870
T0000009,2026-04-04 16:35:20.870
T0000010,2026-04-04 17:35:20.870
T0000011,2026-04-03 11:35:20.870
T0000012,2026-04-04 12:35:20.870
T0000013,2026-04-04 03:35:20.870
T0000014,2026-04-02 21:35:20.870
T0000015,2026-04-03 18:35:20.870
T0000016,2026-04-04 14:35:20.870
T0000017,2026-04-05 01:35:20.870
T0000018,2026-04-04 21:35:20.870
T0000019,2026-04-03 04:35:20.870
T0000020,2026-04-04 05:35:20.870
