T0000001,2026-03-30 17:32:40.670
T0000002,2026-03-28 17:32:40.670
T0000003,2026-03-28 13:32:40.670
T0000004,2026-03-29 16:32:40.670
T0000005,2026-03-28 19:32:40.670
T0000006,2026-03-29 22:32:40.670
T0000007,2026-03-27 23:32:40.670
T0000008,2026-03-28 06:32:40.670
T0000009,2026-03-29 02:32:40.670
T0000010,2026-03-28 13:32:40.670
T0000011,2026-03-27 22:32:40.670
T0000012,2026-03-28 18:32:40.670
T0000013,2026-03-27 23:32:40.670
T0000014,2026-03-27 22:32:40.670
T0000015,2026-03-28 13:32:40.670
T0000016,2026-03-29 09:32:40.670
T0000017,2026-03-28 16:32:40.670
T0000018,2026-03-30 08:32:40.670
T0000019,2026-03-29 18:32:40.670
T0000020,2026-03-29 04:32:40.670
